fips2000,fips2010,msa15,fmr15_2,fmr15,msa14,fmr14_2,fmr14,msa13,fmr13_2,fmr13,msa12,fmr12_2,fmr12,msa11,fmr11_2,fmr11,msa10,fmr10_2,fmr10,msa09,fmr09_2,fmr09,msa08,fmr08_2,fmr08,msa07,fmr07_2,fmr07,msa06,fmr06_2,fmr06,msa05,fmr05_2,fmr05,msa04,fmr04_2,fmr04,msa03,fmr03_2,fmr03,msa02,fmr02_2,fmr02,msa01,fmr01_2,fmr01,msa00,fmr00_2,fmr00,msa99,fmr99_2,fmr99,msa98,fmr98_2,fmr98,msa97,fmr97_2,fmr97,msa96,fmr96_2,fmr96,msa95,fmr95_2,fmr95,msa94,fmr94_2,fmr94,msa93,fmr93_2,fmr93,msa92,fmr92_2,fmr92,msa91,fmr91_2,fmr91,msa90,fmr90_2,fmr90,msa89,fmr89_2,fmr89,msa88,fmr88_2,fmr88,msa87,fmr87_2,fmr87,msa86,fmr86_2,fmr86,msa85,fmr85_2,fmr85,msa83,fmr83_2,fmr83,cbsasub,areaname,state,cousub,name,county,pop2000,pop2010,census_region
5100199999,5100199999,NCNTY51001N51001,745,40,NCNTY51001N51001,734,40,NCNTY51001N51001,739,40,NCNTY51001N51001,643,40,NCNTY51001N51001,619,40,NCNTY51001N51001,600,40,NCNTY51001N51001,586,40,NCNTY51001N51001,563,40,NCNTY51001N51001,528,40,NCNTY51001N51001,508,40,9999,494,40,10000,461,40,10000,461,40,10000,450,40,10000,433,40,10000,430,40,10000,428,40,10000,422,40,10000,413,40,10000,409,40,10000,398,40,10000,407,45,10000,398,45,10000,385,45,10000,372,45,10000,363,45,10000,355,45,10000,350,45,10000,341,45,10000,333,45,10000,333,45,10000,322,45,NCNTY51001N51001,"Accomack County, VA",51,99999,Accomack County,1,38305,33164,3
5100399999,5100399999,METRO16820M16820,1038,40,METRO16820M16820,1008,40,METRO16820M16820,1099,40,METRO16820M16820,1029,40,METRO16820M16820,931,40,METRO16820M16820,903,40,METRO16820M16820,882,40,METRO16820M16820,847,40,METRO16820M16820,792,40,METRO16820M16820,761,40,1540,744,40,1540,698,40,1540,693,40,1540,677,40,1540,656,40,1540,650,40,1540,645,40,1540,634,40,1540,622,40,1540,585,40,1540,567,40,1540,569,45,1540,539,45,1540,520,45,1540,503,45,1540,490,45,1540,479,45,1540,472,45,1540,459,45,1540,449,45,1540,415,45,1540,402,45,METRO16820M16820,"Charlottesville, VA MSA",51,99999,Albemarle County,3,79236,98970,3
5100599999,5100599999,NCNTY51005N51005,674,40,NCNTY51005N51005,617,40,NCNTY51005N51005,626,40,NCNTY51005N51005,541,40,NCNTY51005N51005,588,40,NCNTY51005N51005,571,40,NCNTY51005N51005,557,40,NCNTY51005N51005,535,40,NCNTY51005N51005,502,40,NCNTY51005N51005,483,40,9999,460,40,10000,456,40,10000,456,40,10000,445,40,10000,428,40,10000,425,40,10000,423,40,10000,417,40,10000,408,40,10000,404,40,10000,350,40,10000,358,45,10000,429,45,10000,415,45,10000,401,45,10000,391,45,10000,383,45,10000,377,45,10000,367,45,10000,359,45,10000,325,45,10000,314,45,NCNTY51005N51005,"Alleghany County-Clifton Forge city-Covington city, VA HUD Nonmetro FMR Area",51,99999,Alleghany County,5,12926,16250,3
5100799999,5100799999,METRO40060M40060,993,50,METRO40060M40060,984,50,METRO40060M40060,979,50,METRO40060M40060,878,40,METRO40060M40060,958,50,METRO40060M40060,930,50,METRO40060M40060,925,50,METRO40060M40060,870,50,METRO40060M40060,788,50,METRO40060M40060,757,50,9999,452,40,10000,456,40,10000,456,40,10000,445,40,10000,428,40,10000,425,40,10000,423,40,10000,417,40,10000,408,40,10000,404,40,10000,324,40,10000,332,45,10000,353,45,10000,342,45,10000,331,45,10000,323,45,10000,316,45,10000,312,45,10000,304,45,10000,297,45,10000,373,45,10000,361,45,METRO40060M40060,"Richmond, VA HUD Metro FMR Area",51,99999,Amelia County,7,11400,12690,3
5100999999,5100999999,METRO31340M31340,746,40,METRO31340M31340,657,40,METRO31340M31340,726,40,METRO31340M31340,654,40,METRO31340M31340,653,40,METRO31340M31340,634,40,METRO31340M31340,619,40,METRO31340M31340,595,40,METRO31340M31340,556,40,METRO31340M31340,534,40,4640,520,40,4640,476,40,4640,473,40,4640,461,40,4640,447,40,4640,443,40,4640,440,40,4640,432,40,4640,424,40,4640,413,40,4640,400,40,4640,402,45,4640,444,45,4640,428,45,4640,414,45,4640,404,45,4640,395,45,4640,389,45,4640,379,45,4640,370,45,4640,385,45,4640,372,45,METRO31340M31340,"Lynchburg, VA MSA",51,99999,Amherst County,9,31894,32353,3
5101199999,5101199999,METRO31340M31340,746,40,METRO31340M31340,657,40,METRO31340M31340,726,40,METRO31340M31340,654,40,METRO31340M31340,653,40,METRO31340M31340,634,40,METRO31340M31340,619,40,METRO31340M31340,595,40,METRO31340M31340,556,40,METRO31340M31340,534,40,9999,469,40,10000,456,40,10000,456,40,10000,445,40,10000,428,40,10000,425,40,10000,423,40,10000,417,40,10000,408,40,10000,404,40,10000,326,40,10000,334,45,10000,426,45,10000,412,45,10000,399,45,10000,389,45,10000,381,45,10000,375,45,10000,365,45,10000,357,45,10000,354,45,10000,342,45,METRO31340M31340,"Lynchburg, VA MSA",51,99999,Appomattox County,11,13705,14973,3
5101399999,5101399999,METRO47900M47900,1458,40,METRO47900M47900,1469,40,METRO47900M47900,1412,40,METRO47900M47900,1506,50,METRO47900M47900,1461,50,METRO47900M47900,1494,50,METRO47900M47900,1288,40,METRO47900M47900,1324,50,METRO47900M47900,1286,50,METRO47900M47900,1225,50,8840,1187,50,8840,1218,50,8840,1154,50,8840,943,50,8840,907,50,8840,840,40,8840,820,40,8840,812,40,8840,794,40,8840,779,40,8840,834,40,8840,844,45,8840,854,45,8840,830,45,8840,731,45,8840,695,45,8840,671,45,8840,641,45,8840,563,45,8840,530,45,8840,485,45,8840,414,45,METRO47900M47900,"Washington-Arlington-Alexandria, DC-VA-MD HUD Metro FMR Area",51,99999,Arlington County,13,189453,207627,3
5101599999,5101599999,NCNTY51015N51015,801,40,NCNTY51015N51015,719,40,NCNTY51015N51015,669,40,NCNTY51015N51015,629,40,NCNTY51015N51015,689,40,NCNTY51015N51015,668,40,NCNTY51015N51015,653,40,NCNTY51015N51015,627,40,NCNTY51015N51015,588,40,NCNTY51015N51015,565,40,9999,549,40,10000,485,40,10000,485,40,10000,473,40,10000,455,40,10000,452,40,10000,450,40,10000,443,40,10000,433,40,10000,428,40,10000,416,40,10000,425,45,10000,429,45,10000,415,45,10000,401,45,10000,391,45,10000,383,45,10000,377,45,10000,367,45,10000,359,45,10000,311,45,10000,300,45,NCNTY51015N51015,"Augusta County-Staunton city-Waynesboro city, VA HUD Nonmetro FMR Area",51,99999,Augusta County,15,65615,73750,3
5101799999,5101799999,NCNTY51017N51017,649,40,NCNTY51017N51017,617,40,NCNTY51017N51017,635,40,NCNTY51017N51017,556,40,NCNTY51017N51017,651,40,NCNTY51017N51017,632,40,NCNTY51017N51017,617,40,NCNTY51017N51017,592,40,NCNTY51017N51017,554,40,NCNTY51017N51017,533,40,9999,518,40,10000,456,40,10000,456,40,10000,445,40,10000,428,40,10000,425,40,10000,423,40,10000,417,40,10000,408,40,10000,404,40,10000,371,40,10000,380,45,10000,429,45,10000,415,45,10000,401,45,10000,391,45,10000,383,45,10000,377,45,10000,367,45,10000,359,45,10000,311,45,10000,300,45,NCNTY51017N51017,"Bath County, VA",51,99999,Bath County,17,5048,4731,3
5101999999,5101999999,METRO31340M31340,746,40,METRO31340M31340,657,40,METRO31340M31340,726,40,METRO31340M31340,654,40,METRO31340M31340,653,40,METRO31340M31340,634,40,METRO31340M31340,619,40,METRO31340M31340,595,40,METRO31340M31340,556,40,METRO31340M31340,534,40,4640,520,40,4640,476,40,4640,473,40,4640,461,40,4640,447,40,4640,443,40,4640,440,40,4640,432,40,4640,424,40,4640,413,40,4640,400,40,4640,402,45,10000,372,45,10000,360,45,10000,348,45,10000,339,45,10000,332,45,10000,327,45,10000,318,45,10000,311,45,10000,383,45,10000,371,45,METRO31340M31340,"Lynchburg, VA MSA",51,99999,Bedford County,19,60371,68676,3
5102199999,5102199999,NCNTY51021N51021,643,40,NCNTY51021N51021,617,40,NCNTY51021N51021,626,40,NCNTY51021N51021,541,40,NCNTY51021N51021,588,40,NCNTY51021N51021,571,40,NCNTY51021N51021,557,40,NCNTY51021N51021,535,40,NCNTY51021N51021,502,40,NCNTY51021N51021,483,40,9999,436,40,10000,456,40,10000,456,40,10000,445,40,10000,428,40,10000,425,40,10000,423,40,10000,417,40,10000,408,40,10000,404,40,10000,310,40,10000,308,45,10000,361,45,10000,349,45,10000,338,45,10000,330,45,10000,323,45,10000,318,45,10000,310,45,10000,303,45,10000,266,45,10000,256,45,NCNTY51021N51021,"Bland County, VA",51,99999,Bland County,21,6871,6824,3
5102399999,5102399999,METRO40220M40220,732,40,METRO40220M40220,720,40,METRO40220M40220,764,40,METRO40220M40220,732,40,METRO40220M40220,721,40,METRO40220M40220,700,40,METRO40220M40220,683,40,METRO40220M40220,656,40,METRO40220M40220,613,40,METRO40220M40220,589,40,6800,586,40,6800,515,40,6800,512,40,6800,500,40,6800,484,40,6800,479,40,6800,475,40,6800,467,40,6800,458,40,6800,447,40,6800,433,40,6800,439,45,6800,431,45,6800,416,45,6800,402,45,6800,392,45,6800,384,45,6800,378,45,6800,368,45,6800,360,45,6800,383,45,6800,371,45,METRO40220M40220,"Roanoke, VA HUD Metro FMR Area",51,99999,Botetourt County,23,30496,33148,3
5102599999,5102599999,NCNTY51025N51025,692,40,NCNTY51025N51025,617,40,NCNTY51025N51025,652,40,NCNTY51025N51025,541,40,NCNTY51025N51025,609,40,NCNTY51025N51025,591,40,NCNTY51025N51025,577,40,NCNTY51025N51025,555,40,NCNTY51025N51025,519,40,NCNTY51025N51025,499,40,9999,485,40,10000,456,40,10000,456,40,10000,445,40,10000,428,40,10000,425,40,10000,423,40,10000,417,40,10000,408,40,10000,404,40,10000,311,40,10000,318,45,10000,334,45,10000,323,45,10000,313,45,10000,305,45,10000,299,45,10000,295,45,10000,287,45,10000,281,45,10000,373,45,10000,361,45,NCNTY51025N51025,"Brunswick County, VA",51,99999,Brunswick County,25,18419,17434,3
5102799999,5102799999,NCNTY51027N51027,643,40,NCNTY51027N51027,617,40,NCNTY51027N51027,626,40,NCNTY51027N51027,541,40,NCNTY51027N51027,588,40,NCNTY51027N51027,571,40,NCNTY51027N51027,557,40,NCNTY51027N51027,535,40,NCNTY51027N51027,502,40,NCNTY51027N51027,483,40,9999,436,40,10000,456,40,10000,456,40,10000,445,40,10000,428,40,10000,425,40,10000,423,40,10000,417,40,10000,408,40,10000,404,40,10000,310,40,10000,317,45,10000,410,45,10000,397,45,10000,384,45,10000,374,45,10000,366,45,10000,361,45,10000,351,45,10000,343,45,10000,266,45,10000,256,45,NCNTY51027N51027,"Buchanan County, VA",51,99999,Buchanan County,27,26978,24098,3
5102999999,5102999999,NCNTY51029N51029,643,40,NCNTY51029N51029,647,40,NCNTY51029N51029,626,40,NCNTY51029N51029,541,40,NCNTY51029N51029,588,40,NCNTY51029N51029,571,40,NCNTY51029N51029,557,40,NCNTY51029N51029,535,40,NCNTY51029N51029,502,40,NCNTY51029N51029,483,40,9999,452,40,10000,456,40,10000,456,40,10000,445,40,10000,428,40,10000,425,40,10000,423,40,10000,417,40,10000,408,40,10000,404,40,10000,320,40,10000,328,45,10000,353,45,10000,342,45,10000,331,45,10000,323,45,10000,316,45,10000,312,45,10000,304,45,10000,297,45,10000,373,45,10000,361,45,NCNTY51029N51029,"Buckingham County, VA",51,99999,Buckingham County,29,15623,17146,3
5103199999,5103199999,METRO31340M31340,746,40,METRO31340M31340,657,40,METRO31340M31340,726,40,METRO31340M31340,654,40,METRO31340M31340,653,40,METRO31340M31340,634,40,METRO31340M31340,619,40,METRO31340M31340,595,40,METRO31340M31340,556,40,METRO31340M31340,534,40,4640,520,40,4640,476,40,4640,473,40,4640,461,40,4640,447,40,4640,443,40,4640,440,40,4640,432,40,4640,424,40,4640,413,40,4640,400,40,4640,402,45,4640,444,45,4640,428,45,4640,414,45,4640,404,45,4640,395,45,4640,389,45,4640,379,45,4640,370,45,4640,385,45,4640,372,45,METRO31340M31340,"Lynchburg, VA MSA",51,99999,Campbell County,31,51078,54842,3
5103399999,5103399999,METRO40060M40060,993,50,METRO40060M40060,984,50,METRO40060M40060,979,50,METRO40060M40060,878,40,METRO40060M40060,958,50,METRO40060M40060,930,50,METRO40060M40060,925,50,METRO40060M40060,870,50,METRO40060M40060,788,50,METRO40060M40060,757,50,9999,595,40,10000,591,40,10000,591,40,10000,577,40,10000,555,40,10000,551,40,10000,548,40,10000,540,40,10000,528,40,10000,522,40,10000,508,40,10000,519,45,10000,507,45,10000,491,45,10000,475,45,10000,463,45,10000,453,45,10000,446,45,10000,434,45,10000,424,45,10000,373,45,10000,361,45,METRO40060M40060,"Richmond, VA HUD Metro FMR Area",51,99999,Caroline County,33,22121,28545,3
5103599999,5103599999,NCNTY51035N51035,643,40,NCNTY51035N51035,617,40,NCNTY51035N51035,626,40,NCNTY51035N51035,541,40,NCNTY51035N51035,588,40,NCNTY51035N51035,571,40,NCNTY51035N51035,557,40,NCNTY51035N51035,535,40,NCNTY51035N51035,502,40,NCNTY51035N51035,483,40,9999,438,40,10000,456,40,10000,456,40,10000,445,40,10000,428,40,10000,425,40,10000,423,40,10000,417,40,10000,408,40,10000,404,40,10000,311,40,10000,318,45,10000,361,45,10000,349,45,10000,338,45,10000,330,45,10000,323,45,10000,318,45,10000,310,45,10000,303,45,10000,294,45,10000,283,45,NCNTY51035N51035,"Carroll County-Galax city, VA HUD Nonmetro FMR Area",51,99999,Carroll County,35,29245,30042,3
5103699999,5103699999,METRO40060M40060,993,50,METRO40060M40060,984,50,METRO40060M40060,979,50,METRO40060M40060,878,40,METRO40060M40060,958,50,METRO40060M40060,930,50,METRO40060M40060,925,50,METRO40060M40060,870,50,METRO40060M40060,788,50,METRO40060M40060,757,50,6760,810,50,6760,785,50,6760,780,50,6760,693,50,6760,671,50,6760,625,40,6760,620,40,6760,609,40,6760,598,40,6760,538,40,6760,522,40,6760,529,45,6760,482,45,6760,465,45,6760,450,45,6760,439,45,6760,430,45,6760,424,45,6760,413,45,6760,404,45,6760,402,45,6760,389,45,METRO40060M40060,"Richmond, VA HUD Metro FMR Area",51,99999,Charles City County,36,6926,7256,3
5103799999,5103799999,NCNTY51037N51037,643,40,NCNTY51037N51037,617,40,NCNTY51037N51037,626,40,NCNTY51037N51037,541,40,NCNTY51037N51037,588,40,NCNTY51037N51037,571,40,NCNTY51037N51037,557,40,NCNTY51037N51037,535,40,NCNTY51037N51037,502,40,NCNTY51037N51037,483,40,9999,452,40,10000,456,40,10000,456,40,10000,445,40,10000,428,40,10000,425,40,10000,423,40,10000,417,40,10000,408,40,10000,404,40,10000,310,40,10000,303,45,10000,353,45,10000,342,45,10000,331,45,10000,323,45,10000,316,45,10000,312,45,10000,304,45,10000,297,45,10000,383,45,10000,371,45,NCNTY51037N51037,"Charlotte County, VA",51,99999,Charlotte County,37,12472,12586,3
5104199999,5104199999,METRO40060M40060,993,50,METRO40060M40060,984,50,METRO40060M40060,979,50,METRO40060M40060,878,40,METRO40060M40060,958,50,METRO40060M40060,930,50,METRO40060M40060,925,50,METRO40060M40060,870,50,METRO40060M40060,788,50,METRO40060M40060,757,50,6760,810,50,6760,785,50,6760,780,50,6760,693,50,6760,671,50,6760,625,40,6760,620,40,6760,609,40,6760,598,40,6760,538,40,6760,522,40,6760,529,45,6760,482,45,6760,465,45,6760,450,45,6760,439,45,6760,430,45,6760,424,45,6760,413,45,6760,404,45,6760,402,45,6760,389,45,METRO40060M40060,"Richmond, VA HUD Metro FMR Area",51,99999,Chesterfield County,41,259903,316236,3
5104399999,5104399999,METRO47900M47900,1458,40,METRO47900M47900,1469,40,METRO47900M47900,1412,40,METRO47900M47900,1506,50,METRO47900M47900,1461,50,METRO47900M47900,1494,50,METRO47900M47900,1288,40,METRO47900M47900,1324,50,METRO47900M47900,1286,50,METRO47900M47900,1225,50,1650,1016,40,1650,674,40,1650,642,40,1650,611,40,1650,586,40,1650,569,40,1650,556,40,1650,550,40,1650,538,40,1650,528,40,1650,519,40,1650,520,45,10000,430,45,10000,416,45,10000,402,45,10000,392,45,10000,384,45,10000,378,45,10000,368,45,10000,360,45,10000,311,45,10000,300,45,METRO47900M47900,"Washington-Arlington-Alexandria, DC-VA-MD HUD Metro FMR Area",51,99999,Clarke County,43,12652,14034,3
5104599999,5104599999,METRO40220M40220,732,40,METRO40220M40220,720,40,METRO40220M40220,764,40,METRO40220M40220,732,40,METRO40220M40220,721,40,METRO40220M40220,700,40,METRO40220M40220,683,40,METRO40220M40220,656,40,METRO40220M40220,613,40,METRO40220M40220,589,40,9999,518,40,10000,456,40,10000,456,40,10000,445,40,10000,428,40,10000,425,40,10000,423,40,10000,417,40,10000,408,40,10000,404,40,10000,310,40,10000,317,45,10000,334,45,10000,323,45,10000,313,45,10000,305,45,10000,299,45,10000,295,45,10000,287,45,10000,281,45,10000,319,45,10000,319,45,METRO40220M40220,"Roanoke, VA HUD Metro FMR Area",51,99999,Craig County,45,5091,5190,3
5104799999,5104799999,NCNTY51047N51047,974,40,NCNTY51047N51047,824,40,NCNTY51047N51047,948,40,NCNTY51047N51047,772,40,NCNTY51047N51047,794,40,NCNTY51047N51047,771,40,NCNTY51047N51047,753,40,NCNTY51047N51047,728,40,NCNTY51047N51047,760,40,NCNTY51047N51047,722,40,1891,696,40,1891,775,40,1891,737,40,1891,679,40,1891,658,40,1891,652,40,1891,637,40,1891,630,40,1891,616,40,1891,605,40,1891,595,40,1891,595,45,10000,448,45,10000,434,45,10000,420,45,10000,409,45,10000,400,45,10000,394,45,10000,383,45,10000,374,45,10000,334,45,10000,323,45,NCNTY51047N51047,"Culpeper County, VA",51,99999,Culpeper County,47,34262,46689,3
5104999999,5104999999,METRO40060M40060,993,50,METRO40060M40060,984,50,METRO40060M40060,979,50,METRO40060M40060,878,40,METRO40060M40060,958,50,METRO40060M40060,930,50,METRO40060M40060,925,50,METRO40060M40060,870,50,METRO40060M40060,788,50,METRO40060M40060,757,50,9999,452,40,10000,490,40,10000,490,40,10000,478,40,10000,460,40,10000,457,40,10000,455,40,10000,448,40,10000,438,40,10000,433,40,10000,421,40,10000,431,45,10000,353,45,10000,342,45,10000,331,45,10000,323,45,10000,316,45,10000,312,45,10000,304,45,10000,297,45,10000,373,45,10000,361,45,METRO40060M40060,"Richmond, VA HUD Metro FMR Area",51,99999,Cumberland County,49,9017,10052,3
5105199999,5105199999,NCNTY51051N51051,643,40,NCNTY51051N51051,617,40,NCNTY51051N51051,626,40,NCNTY51051N51051,541,40,NCNTY51051N51051,588,40,NCNTY51051N51051,571,40,NCNTY51051N51051,557,40,NCNTY51051N51051,535,40,NCNTY51051N51051,502,40,NCNTY51051N51051,483,40,9999,406,40,10000,456,40,10000,456,40,10000,445,40,10000,428,40,10000,425,40,10000,423,40,10000,417,40,10000,408,40,10000,404,40,10000,310,40,10000,317,45,10000,369,45,10000,357,45,10000,345,45,10000,336,45,10000,329,45,10000,324,45,10000,315,45,10000,308,45,10000,293,45,10000,282,45,NCNTY51051N51051,"Dickenson County, VA",51,99999,Dickenson County,51,16395,15903,3
5105399999,5105399999,METRO40060M40060,993,50,METRO40060M40060,984,50,METRO40060M40060,979,50,METRO40060M40060,878,40,METRO40060M40060,958,50,METRO40060M40060,930,50,METRO40060M40060,925,50,METRO40060M40060,870,50,METRO40060M40060,788,50,METRO40060M40060,757,50,6760,810,50,6760,785,50,6760,780,50,6760,693,50,6760,671,50,6760,625,40,6760,620,40,6760,609,40,6760,598,40,6760,538,40,6760,522,40,6760,529,45,6760,482,45,6760,465,45,6760,450,45,6760,439,45,6760,430,45,6760,424,45,6760,413,45,6760,404,45,6760,402,45,6760,389,45,METRO40060M40060,"Richmond, VA HUD Metro FMR Area",51,99999,Dinwiddie County,53,24533,28001,3
5105799999,5105799999,NCNTY51057N51057,868,40,NCNTY51057N51057,832,40,NCNTY51057N51057,798,40,NCNTY51057N51057,687,40,NCNTY51057N51057,719,40,NCNTY51057N51057,697,40,NCNTY51057N51057,680,40,NCNTY51057N51057,654,40,NCNTY51057N51057,614,40,NCNTY51057N51057,590,40,9999,573,40,10000,511,40,10000,511,40,10000,499,40,10000,480,40,10000,477,40,10000,475,40,10000,468,40,10000,458,40,10000,453,40,10000,441,40,10000,451,45,10000,392,45,10000,379,45,10000,367,45,10000,358,45,10000,350,45,10000,345,45,10000,336,45,10000,328,45,10000,373,45,10000,361,45,NCNTY51057N51057,"Essex County, VA",51,99999,Essex County,57,9989,11151,3
5105999999,5105999999,METRO47900M47900,1458,40,METRO47900M47900,1469,40,METRO47900M47900,1412,40,METRO47900M47900,1506,50,METRO47900M47900,1461,50,METRO47900M47900,1494,50,METRO47900M47900,1288,40,METRO47900M47900,1324,50,METRO47900M47900,1286,50,METRO47900M47900,1225,50,8840,1187,50,8840,1218,50,8840,1154,50,8840,943,50,8840,907,50,8840,840,40,8840,820,40,8840,812,40,8840,794,40,8840,779,40,8840,834,40,8840,844,45,8840,854,45,8840,830,45,8840,731,45,8840,695,45,8840,671,45,8840,641,45,8840,563,45,8840,530,45,8840,485,45,8840,414,45,METRO47900M47900,"Washington-Arlington-Alexandria, DC-VA-MD HUD Metro FMR Area",51,99999,Fairfax County,59,969749,1081726,3
5106199999,5106199999,METRO47900M47900,1458,40,METRO47900M47900,1469,40,METRO47900M47900,1412,40,METRO47900M47900,1506,50,METRO47900M47900,1461,50,METRO47900M47900,1494,50,METRO47900M47900,1288,40,METRO47900M47900,1324,50,METRO47900M47900,1286,50,METRO47900M47900,1225,50,8840,1187,50,8840,1218,50,8840,1154,50,8840,943,50,8840,907,50,8840,840,40,8840,820,40,8840,812,40,8840,794,40,8840,779,40,8840,834,40,8840,844,45,10000,448,45,10000,434,45,10000,420,45,10000,409,45,10000,400,45,10000,394,45,10000,383,45,10000,374,45,10000,361,45,10000,349,45,METRO47900M47900,"Washington-Arlington-Alexandria, DC-VA-MD HUD Metro FMR Area",51,99999,Fauquier County,61,55139,65203,3
5106399999,5106399999,NCNTY51063N51063,643,40,NCNTY51063N51063,617,40,NCNTY51063N51063,626,40,NCNTY51063N51063,541,40,NCNTY51063N51063,652,40,NCNTY51063N51063,633,40,NCNTY51063N51063,618,40,NCNTY51063N51063,594,40,NCNTY51063N51063,556,40,NCNTY51063N51063,534,40,9999,519,40,10000,456,40,10000,456,40,10000,445,40,10000,428,40,10000,425,40,10000,423,40,10000,417,40,10000,408,40,10000,404,40,10000,310,40,10000,314,45,10000,426,45,10000,412,45,10000,399,45,10000,389,45,10000,381,45,10000,375,45,10000,365,45,10000,357,45,10000,383,45,10000,371,45,NCNTY51063N51063,"Floyd County, VA",51,99999,Floyd County,63,13874,15279,3
5106599999,5106599999,METRO16820M16820,1038,40,METRO16820M16820,1008,40,METRO16820M16820,1099,40,METRO16820M16820,1029,40,METRO16820M16820,931,40,METRO16820M16820,903,40,METRO16820M16820,882,40,METRO16820M16820,847,40,METRO16820M16820,792,40,METRO16820M16820,761,40,1540,744,40,1540,698,40,1540,693,40,1540,677,40,1540,656,40,1540,650,40,1540,645,40,1540,634,40,1540,622,40,1540,585,40,1540,567,40,1540,569,45,1540,539,45,1540,520,45,1540,503,45,1540,490,45,1540,479,45,1540,472,45,1540,459,45,1540,449,45,1540,415,45,1540,402,45,METRO16820M16820,"Charlottesville, VA MSA",51,99999,Fluvanna County,65,20047,25691,3
5106799999,5106799999,METRO40220N51067,643,40,METRO40220N51067,617,40,METRO40220N51067,637,40,METRO40220N51067,610,40,METRO40220N51067,588,40,METRO40220N51067,571,40,METRO40220N51067,557,40,METRO40220N51067,535,40,METRO40220N51067,502,40,METRO40220N51067,483,40,9999,453,40,10000,456,40,10000,456,40,10000,445,40,10000,428,40,10000,425,40,10000,423,40,10000,417,40,10000,408,40,10000,404,40,10000,325,40,10000,333,45,10000,372,45,10000,360,45,10000,348,45,10000,339,45,10000,332,45,10000,327,45,10000,318,45,10000,311,45,10000,287,45,10000,276,45,METRO40220N51067,"Franklin County, VA HUD Metro FMR Area",51,99999,Franklin County,67,47286,56159,3
5106999999,5106999999,METRO49020M49020,819,40,METRO49020M49020,804,40,METRO49020M49020,839,40,METRO49020M49020,895,40,METRO49020M49020,778,40,METRO49020M49020,764,40,METRO49020M49020,749,40,METRO49020M49020,718,40,METRO49020M49020,673,40,METRO49020M49020,647,40,9999,647,40,10000,581,40,10000,581,40,10000,566,40,10000,545,40,10000,541,40,10000,538,40,10000,530,40,10000,518,40,10000,513,40,10000,499,40,10000,510,45,10000,430,45,10000,416,45,10000,402,45,10000,392,45,10000,384,45,10000,378,45,10000,368,45,10000,360,45,10000,311,45,10000,300,45,METRO49020M49020,"Winchester, VA-WV MSA",51,99999,Frederick County,69,59209,78305,3
5107199999,5107199999,METRO13980N51071,643,40,METRO13980N51071,617,40,METRO13980N51071,626,40,METRO13980N51071,541,40,METRO13980N51071,588,40,METRO13980N51071,571,40,METRO13980N51071,557,40,METRO13980N51071,535,40,METRO13980N51071,502,40,METRO13980N51071,483,40,9999,436,40,10000,456,40,10000,456,40,10000,445,40,10000,428,40,10000,425,40,10000,423,40,10000,417,40,10000,408,40,10000,404,40,10000,328,40,10000,336,45,10000,426,45,10000,412,45,10000,399,45,10000,389,45,10000,381,45,10000,375,45,10000,365,45,10000,357,45,10000,325,45,10000,314,45,METRO13980N51071,"Giles County, VA HUD Metro FMR Area",51,99999,Giles County,71,16657,17286,3
5107399999,5107399999,METRO47260M47260,1107,50,METRO47260M47260,1130,50,METRO47260M47260,1136,50,METRO47260M47260,1064,50,METRO47260M47260,965,40,METRO47260M47260,934,40,METRO47260M47260,904,40,METRO47260M47260,904,50,METRO47260M47260,844,50,METRO47260M47260,811,50,5720,788,50,5720,748,50,5720,743,50,5720,652,50,5720,632,50,5720,580,40,5720,576,40,5720,566,40,5720,556,40,5720,542,40,5720,526,40,5720,545,45,5720,550,45,5720,531,45,5720,514,45,5720,485,45,5720,475,45,5720,437,45,5720,425,45,5720,415,45,5720,415,45,5720,402,45,METRO47260M47260,"Virginia Beach-Norfolk-Newport News, VA-NC MSA",51,99999,Gloucester County,73,34780,36858,3
5107599999,5107599999,METRO40060M40060,993,50,METRO40060M40060,984,50,METRO40060M40060,979,50,METRO40060M40060,878,40,METRO40060M40060,958,50,METRO40060M40060,930,50,METRO40060M40060,925,50,METRO40060M40060,870,50,METRO40060M40060,788,50,METRO40060M40060,757,50,6760,810,50,6760,785,50,6760,780,50,6760,693,50,6760,671,50,6760,625,40,6760,620,40,6760,609,40,6760,598,40,6760,538,40,6760,522,40,6760,529,45,6760,482,45,6760,465,45,6760,450,45,6760,439,45,6760,430,45,6760,424,45,6760,413,45,6760,404,45,6760,402,45,6760,389,45,METRO40060M40060,"Richmond, VA HUD Metro FMR Area",51,99999,Goochland County,75,16863,21717,3
5107799999,5107799999,NCNTY51077N51077,643,40,NCNTY51077N51077,617,40,NCNTY51077N51077,626,40,NCNTY51077N51077,541,40,NCNTY51077N51077,588,40,NCNTY51077N51077,571,40,NCNTY51077N51077,557,40,NCNTY51077N51077,535,40,NCNTY51077N51077,502,40,NCNTY51077N51077,483,40,9999,436,40,10000,456,40,10000,456,40,10000,445,40,10000,428,40,10000,425,40,10000,423,40,10000,417,40,10000,408,40,10000,404,40,10000,310,40,10000,295,45,10000,361,45,10000,349,45,10000,338,45,10000,330,45,10000,323,45,10000,318,45,10000,310,45,10000,303,45,10000,294,45,10000,283,45,NCNTY51077N51077,"Grayson County, VA",51,99999,Grayson County,77,17917,15533,3
5107999999,5107999999,METRO16820M16820,1038,40,METRO16820M16820,1008,40,METRO16820M16820,1099,40,METRO16820M16820,1029,40,METRO16820M16820,931,40,METRO16820M16820,903,40,METRO16820M16820,882,40,METRO16820M16820,847,40,METRO16820M16820,792,40,METRO16820M16820,761,40,1540,744,40,1540,698,40,1540,693,40,1540,677,40,1540,656,40,1540,650,40,1540,645,40,1540,634,40,1540,622,40,1540,585,40,1540,567,40,1540,569,45,1540,539,45,1540,520,45,1540,503,45,1540,490,45,1540,479,45,1540,472,45,1540,459,45,1540,449,45,1540,415,45,1540,402,45,METRO16820M16820,"Charlottesville, VA MSA",51,99999,Greene County,79,15244,18403,3
5108199999,5108199999,NCNTY51081N51081,690,40,NCNTY51081N51081,617,40,NCNTY51081N51081,628,40,NCNTY51081N51081,571,40,NCNTY51081N51081,610,40,NCNTY51081N51081,592,40,NCNTY51081N51081,579,40,NCNTY51081N51081,556,40,NCNTY51081N51081,520,40,NCNTY51081N51081,500,40,9999,486,40,10000,456,40,10000,456,40,10000,445,40,10000,428,40,10000,425,40,10000,423,40,10000,417,40,10000,408,40,10000,404,40,10000,385,40,10000,393,45,10000,334,45,10000,323,45,10000,313,45,10000,305,45,10000,299,45,10000,295,45,10000,287,45,10000,281,45,10000,373,45,10000,361,45,NCNTY51081N51081,"Greensville County-Emporia city, VA HUD Nonmetro FMR Area",51,99999,Greensville County,81,11560,12243,3
5108399999,5108399999,NCNTY51083N51083,643,40,NCNTY51083N51083,617,40,NCNTY51083N51083,626,40,NCNTY51083N51083,541,40,NCNTY51083N51083,588,40,NCNTY51083N51083,571,40,NCNTY51083N51083,557,40,NCNTY51083N51083,535,40,NCNTY51083N51083,502,40,NCNTY51083N51083,483,40,9999,423,40,10000,456,40,10000,456,40,10000,445,40,10000,428,40,10000,425,40,10000,423,40,10000,417,40,10000,408,40,10000,404,40,10000,310,40,10000,317,45,10000,353,45,10000,342,45,10000,331,45,10000,323,45,10000,316,45,10000,312,45,10000,304,45,10000,297,45,10000,383,45,10000,371,45,NCNTY51083N51083,"Halifax County, VA",51,99999,Halifax County,83,37355,36241,3
5108599999,5108599999,METRO40060M40060,993,50,METRO40060M40060,984,50,METRO40060M40060,979,50,METRO40060M40060,878,40,METRO40060M40060,958,50,METRO40060M40060,930,50,METRO40060M40060,925,50,METRO40060M40060,870,50,METRO40060M40060,788,50,METRO40060M40060,757,50,6760,810,50,6760,785,50,6760,780,50,6760,693,50,6760,671,50,6760,625,40,6760,620,40,6760,609,40,6760,598,40,6760,538,40,6760,522,40,6760,529,45,6760,482,45,6760,465,45,6760,450,45,6760,439,45,6760,430,45,6760,424,45,6760,413,45,6760,404,45,6760,402,45,6760,389,45,METRO40060M40060,"Richmond, VA HUD Metro FMR Area",51,99999,Hanover County,85,86320,99863,3
5108799999,5108799999,METRO40060M40060,993,50,METRO40060M40060,984,50,METRO40060M40060,979,50,METRO40060M40060,878,40,METRO40060M40060,958,50,METRO40060M40060,930,50,METRO40060M40060,925,50,METRO40060M40060,870,50,METRO40060M40060,788,50,METRO40060M40060,757,50,6760,810,50,6760,785,50,6760,780,50,6760,693,50,6760,671,50,6760,625,40,6760,620,40,6760,609,40,6760,598,40,6760,538,40,6760,522,40,6760,529,45,6760,482,45,6760,465,45,6760,450,45,6760,439,45,6760,430,45,6760,424,45,6760,413,45,6760,404,45,6760,402,45,6760,389,45,METRO40060M40060,"Richmond, VA HUD Metro FMR Area",51,99999,Henrico County,87,262300,306935,3
5108999999,5108999999,NCNTY51089N51089,643,40,NCNTY51089N51089,617,40,NCNTY51089N51089,626,40,NCNTY51089N51089,541,40,NCNTY51089N51089,588,40,NCNTY51089N51089,571,40,NCNTY51089N51089,557,40,NCNTY51089N51089,535,40,NCNTY51089N51089,502,40,NCNTY51089N51089,483,40,9999,439,40,10000,456,40,10000,456,40,10000,445,40,10000,428,40,10000,425,40,10000,423,40,10000,417,40,10000,408,40,10000,404,40,10000,372,40,10000,367,45,10000,430,45,10000,416,45,10000,402,45,10000,392,45,10000,384,45,10000,378,45,10000,368,45,10000,360,45,10000,383,45,10000,371,45,NCNTY51089N51089,"Henry County-Martinsville city, VA HUD Nonmetro FMR Area",51,99999,Henry County,89,57930,54151,3
5109199999,5109199999,NCNTY51091N51091,643,40,NCNTY51091N51091,617,40,NCNTY51091N51091,626,40,NCNTY51091N51091,541,40,NCNTY51091N51091,651,40,NCNTY51091N51091,632,40,NCNTY51091N51091,617,40,NCNTY51091N51091,592,40,NCNTY51091N51091,554,40,NCNTY51091N51091,533,40,9999,518,40,10000,456,40,10000,456,40,10000,445,40,10000,428,40,10000,425,40,10000,423,40,10000,417,40,10000,408,40,10000,404,40,10000,310,40,10000,317,45,10000,429,45,10000,415,45,10000,401,45,10000,391,45,10000,383,45,10000,377,45,10000,367,45,10000,359,45,10000,311,45,10000,300,45,NCNTY51091N51091,"Highland County, VA",51,99999,Highland County,91,2536,2321,3
5109399999,5109399999,METRO47260M47260,1107,50,METRO47260M47260,1130,50,METRO47260M47260,1136,50,METRO47260M47260,1064,50,METRO47260M47260,965,40,METRO47260M47260,934,40,METRO47260M47260,904,40,METRO47260M47260,904,50,METRO47260M47260,844,50,METRO47260M47260,811,50,5720,788,50,5720,748,50,5720,743,50,5720,652,50,5720,632,50,5720,580,40,5720,576,40,5720,566,40,5720,556,40,5720,542,40,5720,526,40,5720,545,45,10000,343,45,10000,332,45,10000,321,45,10000,313,45,10000,306,45,10000,302,45,10000,294,45,10000,287,45,10000,287,45,10000,276,45,METRO47260M47260,"Virginia Beach-Norfolk-Newport News, VA-NC MSA",51,99999,Isle of Wight County,93,29728,35270,3
5109599999,5109599999,METRO47260M47260,1107,50,METRO47260M47260,1130,50,METRO47260M47260,1136,50,METRO47260M47260,1064,50,METRO47260M47260,965,40,METRO47260M47260,934,40,METRO47260M47260,904,40,METRO47260M47260,904,50,METRO47260M47260,844,50,METRO47260M47260,811,50,5720,788,50,5720,748,50,5720,743,50,5720,652,50,5720,632,50,5720,580,40,5720,576,40,5720,566,40,5720,556,40,5720,542,40,5720,526,40,5720,545,45,5720,550,45,5720,531,45,5720,514,45,5720,485,45,5720,475,45,5720,437,45,5720,425,45,5720,415,45,5720,415,45,5720,402,45,METRO47260M47260,"Virginia Beach-Norfolk-Newport News, VA-NC MSA",51,99999,James City County,95,48102,67009,3
5109799999,5109799999,METRO40060M40060,993,50,METRO40060M40060,984,50,METRO40060M40060,979,50,METRO40060M40060,878,40,METRO40060M40060,958,50,METRO40060M40060,930,50,METRO40060M40060,925,50,METRO40060M40060,870,50,METRO40060M40060,788,50,METRO40060M40060,757,50,9999,565,40,10000,498,40,10000,498,40,10000,485,40,10000,467,40,10000,464,40,10000,462,40,10000,455,40,10000,445,40,10000,440,40,10000,428,40,10000,438,45,10000,392,45,10000,379,45,10000,367,45,10000,358,45,10000,350,45,10000,345,45,10000,336,45,10000,328,45,10000,373,45,10000,361,45,METRO40060M40060,"Richmond, VA HUD Metro FMR Area",51,99999,King and Queen County,97,6630,6945,3
5109999999,5109999999,NCNTY51099N51099,1036,40,NCNTY51099N51099,964,40,NCNTY51099N51099,987,40,NCNTY51099N51099,817,40,NCNTY51099N51099,802,40,NCNTY51099N51099,779,40,NCNTY51099N51099,761,40,NCNTY51099N51099,736,40,NCNTY51099N51099,766,40,NCNTY51099N51099,728,40,3830,702,40,3830,667,40,3830,636,40,3830,606,40,3830,581,40,3830,564,40,3830,551,40,3830,545,40,3830,533,40,3830,523,40,3830,514,40,3830,519,45,10000,507,45,10000,491,45,10000,475,45,10000,463,45,10000,453,45,10000,446,45,10000,434,45,10000,424,45,10000,389,45,10000,376,45,NCNTY51099N51099,"King George County, VA",51,99999,King George County,99,16803,23584,3
5110199999,5110199999,METRO40060M40060,993,50,METRO40060M40060,984,50,METRO40060M40060,979,50,METRO40060M40060,878,40,METRO40060M40060,958,50,METRO40060M40060,930,50,METRO40060M40060,925,50,METRO40060M40060,870,50,METRO40060M40060,788,50,METRO40060M40060,757,50,9999,565,40,10000,473,40,10000,473,40,10000,461,40,10000,444,40,10000,441,40,10000,439,40,10000,433,40,10000,423,40,10000,419,40,10000,408,40,10000,417,45,10000,392,45,10000,379,45,10000,367,45,10000,358,45,10000,350,45,10000,345,45,10000,336,45,10000,328,45,10000,373,45,10000,361,45,METRO40060M40060,"Richmond, VA HUD Metro FMR Area",51,99999,King William County,101,13146,15935,3
5110399999,5110399999,NCNTY51103N51103,878,40,NCNTY51103N51103,802,40,NCNTY51103N51103,859,40,NCNTY51103N51103,787,40,NCNTY51103N51103,708,40,NCNTY51103N51103,687,40,NCNTY51103N51103,671,40,NCNTY51103N51103,645,40,NCNTY51103N51103,604,40,NCNTY51103N51103,581,40,9999,565,40,10000,488,40,10000,488,40,10000,476,40,10000,458,40,10000,455,40,10000,453,40,10000,446,40,10000,436,40,10000,431,40,10000,419,40,10000,429,45,10000,392,45,10000,379,45,10000,367,45,10000,358,45,10000,350,45,10000,345,45,10000,336,45,10000,328,45,10000,373,45,10000,361,45,NCNTY51103N51103,"Lancaster County, VA",51,99999,Lancaster County,103,11567,11391,3
5110599999,5110599999,NCNTY51105N51105,643,40,NCNTY51105N51105,617,40,NCNTY51105N51105,626,40,NCNTY51105N51105,541,40,NCNTY51105N51105,588,40,NCNTY51105N51105,571,40,NCNTY51105N51105,557,40,NCNTY51105N51105,535,40,NCNTY51105N51105,502,40,NCNTY51105N51105,483,40,9999,386,40,10000,456,40,10000,456,40,10000,445,40,10000,428,40,10000,425,40,10000,423,40,10000,417,40,10000,408,40,10000,404,40,10000,310,40,10000,317,45,10000,369,45,10000,357,45,10000,345,45,10000,336,45,10000,329,45,10000,324,45,10000,315,45,10000,308,45,10000,266,45,10000,256,45,NCNTY51105N51105,"Lee County, VA",51,99999,Lee County,105,23589,25587,3
5110799999,5110799999,METRO47900M47900,1458,40,METRO47900M47900,1469,40,METRO47900M47900,1412,40,METRO47900M47900,1506,50,METRO47900M47900,1461,50,METRO47900M47900,1494,50,METRO47900M47900,1288,40,METRO47900M47900,1324,50,METRO47900M47900,1286,50,METRO47900M47900,1225,50,8840,1187,50,8840,1218,50,8840,1154,50,8840,943,50,8840,907,50,8840,840,40,8840,820,40,8840,812,40,8840,794,40,8840,779,40,8840,834,40,8840,844,45,8840,854,45,8840,830,45,8840,731,45,8840,695,45,8840,671,45,8840,641,45,8840,563,45,8840,530,45,8840,485,45,8840,414,45,METRO47900M47900,"Washington-Arlington-Alexandria, DC-VA-MD HUD Metro FMR Area",51,99999,Loudoun County,107,169599,312311,3
5110999999,5110999999,METRO40060N51109,713,40,METRO40060N51109,717,40,METRO40060N51109,721,40,METRO40060N51109,688,40,METRO40060N51109,826,40,METRO40060N51109,802,40,METRO40060N51109,783,40,METRO40060N51109,737,40,METRO40060N51109,597,40,METRO40060N51109,574,40,9999,606,40,10000,495,40,10000,495,40,10000,482,40,10000,464,40,10000,461,40,10000,459,40,10000,452,40,10000,442,40,10000,437,40,10000,425,40,10000,435,45,10000,448,45,10000,434,45,10000,420,45,10000,409,45,10000,400,45,10000,394,45,10000,383,45,10000,374,45,10000,373,45,10000,361,45,METRO40060N51109,"Louisa County, VA HUD Metro FMR Area",51,99999,Louisa County,109,25627,33153,3
5111199999,5111199999,NCNTY51111N51111,693,40,NCNTY51111N51111,617,40,NCNTY51111N51111,659,40,NCNTY51111N51111,593,40,NCNTY51111N51111,609,40,NCNTY51111N51111,591,40,NCNTY51111N51111,577,40,NCNTY51111N51111,555,40,NCNTY51111N51111,519,40,NCNTY51111N51111,499,40,9999,485,40,10000,456,40,10000,456,40,10000,445,40,10000,428,40,10000,425,40,10000,423,40,10000,417,40,10000,408,40,10000,404,40,10000,310,40,10000,315,45,10000,353,45,10000,342,45,10000,331,45,10000,323,45,10000,316,45,10000,312,45,10000,304,45,10000,297,45,10000,373,45,10000,361,45,NCNTY51111N51111,"Lunenburg County, VA",51,99999,Lunenburg County,111,13146,12914,3
5111399999,5111399999,NCNTY51113N51113,974,40,NCNTY51113N51113,684,40,NCNTY51113N51113,715,40,NCNTY51113N51113,706,40,NCNTY51113N51113,700,40,NCNTY51113N51113,680,40,NCNTY51113N51113,664,40,NCNTY51113N51113,638,40,NCNTY51113N51113,597,40,NCNTY51113N51113,574,40,9999,558,40,10000,516,40,10000,516,40,10000,504,40,10000,485,40,10000,482,40,10000,480,40,10000,473,40,10000,462,40,10000,457,40,10000,445,40,10000,455,45,10000,448,45,10000,434,45,10000,420,45,10000,409,45,10000,400,45,10000,394,45,10000,383,45,10000,374,45,10000,373,45,10000,361,45,NCNTY51113N51113,"Madison County, VA",51,99999,Madison County,113,12520,13308,3
5111599999,5111599999,METRO47260M47260,1107,50,METRO47260M47260,1130,50,METRO47260M47260,1136,50,METRO47260M47260,1064,50,METRO47260M47260,965,40,METRO47260M47260,934,40,METRO47260M47260,904,40,METRO47260M47260,904,50,METRO47260M47260,844,50,METRO47260M47260,811,50,5720,788,50,5720,748,50,5720,743,50,5720,652,50,5720,632,50,5720,580,40,5720,576,40,5720,566,40,5720,556,40,5720,542,40,5720,526,40,5720,545,45,10000,392,45,10000,379,45,10000,367,45,10000,358,45,10000,350,45,10000,345,45,10000,336,45,10000,328,45,10000,287,45,10000,276,45,METRO47260M47260,"Virginia Beach-Norfolk-Newport News, VA-NC MSA",51,99999,Mathews County,115,9207,8978,3
5111799999,5111799999,NCNTY51117N51117,664,40,NCNTY51117N51117,617,40,NCNTY51117N51117,626,40,NCNTY51117N51117,541,40,NCNTY51117N51117,593,40,NCNTY51117N51117,575,40,NCNTY51117N51117,562,40,NCNTY51117N51117,540,40,NCNTY51117N51117,506,40,NCNTY51117N51117,486,40,9999,472,40,10000,456,40,10000,456,40,10000,445,40,10000,428,40,10000,425,40,10000,423,40,10000,417,40,10000,408,40,10000,404,40,10000,345,40,10000,353,45,10000,334,45,10000,323,45,10000,313,45,10000,305,45,10000,299,45,10000,295,45,10000,287,45,10000,281,45,10000,373,45,10000,361,45,NCNTY51117N51117,"Mecklenburg County, VA",51,99999,Mecklenburg County,117,32380,32727,3
5111999999,5111999999,NCNTY51119N51119,682,40,NCNTY51119N51119,629,40,NCNTY51119N51119,636,40,NCNTY51119N51119,610,40,NCNTY51119N51119,708,40,NCNTY51119N51119,687,40,NCNTY51119N51119,671,40,NCNTY51119N51119,645,40,NCNTY51119N51119,604,40,NCNTY51119N51119,581,40,9999,565,40,10000,456,40,10000,456,40,10000,445,40,10000,428,40,10000,425,40,10000,423,40,10000,417,40,10000,408,40,10000,404,40,10000,376,40,10000,385,45,10000,392,45,10000,379,45,10000,367,45,10000,358,45,10000,350,45,10000,345,45,10000,336,45,10000,328,45,10000,287,45,10000,276,45,NCNTY51119N51119,"Middlesex County, VA",51,99999,Middlesex County,119,9932,10959,3
5112199999,5112199999,METRO13980N51121,733,40,METRO13980N51121,716,40,METRO13980N51121,765,40,METRO13980N51121,724,40,METRO13980N51121,702,40,METRO13980N51121,681,40,METRO13980N51121,665,40,METRO13980N51121,639,40,METRO13980N51121,598,40,METRO13980N51121,575,40,9999,559,40,10000,489,40,10000,489,40,10000,477,40,10000,459,40,10000,456,40,10000,454,40,10000,447,40,10000,437,40,10000,432,40,10000,420,40,10000,430,45,10000,520,45,10000,503,45,10000,486,45,10000,474,45,10000,464,45,10000,457,45,10000,445,45,10000,435,45,10000,383,45,10000,371,45,METRO13980N51121,"Blacksburg-Christiansburg-Radford, VA HUD Metro FMR Area",51,99999,Montgomery County,121,83629,94392,3
5112599999,5112599999,METRO16820M16820,1038,40,METRO16820M16820,1008,40,METRO16820M16820,1099,40,METRO16820M16820,1029,40,METRO16820M16820,931,40,METRO16820M16820,903,40,METRO16820M16820,882,40,METRO16820M16820,847,40,METRO16820M16820,792,40,METRO16820M16820,761,40,9999,518,40,10000,456,40,10000,456,40,10000,445,40,10000,428,40,10000,425,40,10000,423,40,10000,417,40,10000,408,40,10000,404,40,10000,371,40,10000,380,45,10000,376,45,10000,364,45,10000,352,45,10000,343,45,10000,336,45,10000,331,45,10000,322,45,10000,315,45,10000,354,45,10000,342,45,METRO16820M16820,"Charlottesville, VA MSA",51,99999,Nelson County,125,14445,15020,3
5112799999,5112799999,METRO40060M40060,993,50,METRO40060M40060,984,50,METRO40060M40060,979,50,METRO40060M40060,878,40,METRO40060M40060,958,50,METRO40060M40060,930,50,METRO40060M40060,925,50,METRO40060M40060,870,50,METRO40060M40060,788,50,METRO40060M40060,757,50,6760,810,50,6760,785,50,6760,780,50,6760,693,50,6760,671,50,6760,625,40,6760,620,40,6760,609,40,6760,598,40,6760,538,40,6760,522,40,6760,529,45,6760,482,45,6760,465,45,6760,450,45,6760,439,45,6760,430,45,6760,424,45,6760,413,45,6760,404,45,6760,402,45,6760,389,45,METRO40060M40060,"Richmond, VA HUD Metro FMR Area",51,99999,New Kent County,127,13462,18429,3
5113199999,5113199999,NCNTY51131N51131,777,40,NCNTY51131N51131,708,40,NCNTY51131N51131,734,40,NCNTY51131N51131,660,40,NCNTY51131N51131,708,40,NCNTY51131N51131,687,40,NCNTY51131N51131,671,40,NCNTY51131N51131,645,40,NCNTY51131N51131,604,40,NCNTY51131N51131,581,40,9999,565,40,10000,456,40,10000,456,40,10000,445,40,10000,428,40,10000,425,40,10000,423,40,10000,417,40,10000,408,40,10000,404,40,10000,347,40,10000,355,45,10000,398,45,10000,385,45,10000,372,45,10000,363,45,10000,355,45,10000,350,45,10000,341,45,10000,333,45,10000,333,45,10000,322,45,NCNTY51131N51131,"Northampton County, VA",51,99999,Northampton County,131,13093,12389,3
5113399999,5113399999,NCNTY51133N51133,803,40,NCNTY51133N51133,658,40,NCNTY51133N51133,750,40,NCNTY51133N51133,656,40,NCNTY51133N51133,708,40,NCNTY51133N51133,687,40,NCNTY51133N51133,671,40,NCNTY51133N51133,645,40,NCNTY51133N51133,604,40,NCNTY51133N51133,581,40,9999,565,40,10000,456,40,10000,456,40,10000,445,40,10000,428,40,10000,425,40,10000,423,40,10000,417,40,10000,408,40,10000,404,40,10000,344,40,10000,352,45,10000,392,45,10000,379,45,10000,367,45,10000,358,45,10000,350,45,10000,345,45,10000,336,45,10000,328,45,10000,373,45,10000,361,45,NCNTY51133N51133,"Northumberland County, VA",51,99999,Northumberland County,133,12259,12330,3
5113599999,5113599999,NCNTY51135N51135,757,40,NCNTY51135N51135,716,40,NCNTY51135N51135,723,40,NCNTY51135N51135,648,40,NCNTY51135N51135,588,40,NCNTY51135N51135,571,40,NCNTY51135N51135,557,40,NCNTY51135N51135,535,40,NCNTY51135N51135,502,40,NCNTY51135N51135,483,40,9999,452,40,10000,456,40,10000,456,40,10000,445,40,10000,428,40,10000,425,40,10000,423,40,10000,417,40,10000,408,40,10000,404,40,10000,348,40,10000,356,45,10000,353,45,10000,342,45,10000,331,45,10000,323,45,10000,316,45,10000,312,45,10000,304,45,10000,297,45,10000,373,45,10000,361,45,NCNTY51135N51135,"Nottoway County, VA",51,99999,Nottoway County,135,15725,15853,3
5113799999,5113799999,NCNTY51137N51137,843,40,NCNTY51137N51137,827,40,NCNTY51137N51137,918,40,NCNTY51137N51137,780,40,NCNTY51137N51137,721,40,NCNTY51137N51137,700,40,NCNTY51137N51137,684,40,NCNTY51137N51137,657,40,NCNTY51137N51137,617,40,NCNTY51137N51137,593,40,9999,576,40,10000,622,40,10000,622,40,10000,607,40,10000,584,40,10000,580,40,10000,577,40,10000,569,40,10000,556,40,10000,550,40,10000,535,40,10000,547,45,10000,448,45,10000,434,45,10000,420,45,10000,409,45,10000,400,45,10000,394,45,10000,383,45,10000,374,45,10000,373,45,10000,361,45,NCNTY51137N51137,"Orange County, VA",51,99999,Orange County,137,25881,33481,3
5113999999,5113999999,NCNTY51139N51139,652,40,NCNTY51139N51139,652,40,NCNTY51139N51139,699,40,NCNTY51139N51139,613,40,NCNTY51139N51139,613,40,NCNTY51139N51139,595,40,NCNTY51139N51139,581,40,NCNTY51139N51139,558,40,NCNTY51139N51139,521,40,NCNTY51139N51139,501,40,9999,487,40,10000,456,40,10000,456,40,10000,445,40,10000,428,40,10000,425,40,10000,423,40,10000,417,40,10000,408,40,10000,404,40,10000,391,40,10000,399,45,10000,430,45,10000,416,45,10000,402,45,10000,392,45,10000,384,45,10000,378,45,10000,368,45,10000,360,45,10000,311,45,10000,300,45,NCNTY51139N51139,"Page County, VA",51,99999,Page County,139,23177,24042,3
5114199999,5114199999,NCNTY51141N51141,643,40,NCNTY51141N51141,617,40,NCNTY51141N51141,626,40,NCNTY51141N51141,541,40,NCNTY51141N51141,588,40,NCNTY51141N51141,571,40,NCNTY51141N51141,557,40,NCNTY51141N51141,535,40,NCNTY51141N51141,502,40,NCNTY51141N51141,483,40,9999,381,40,10000,456,40,10000,456,40,10000,445,40,10000,428,40,10000,425,40,10000,423,40,10000,417,40,10000,408,40,10000,404,40,10000,310,40,10000,274,45,10000,372,45,10000,360,45,10000,348,45,10000,339,45,10000,332,45,10000,327,45,10000,318,45,10000,311,45,10000,383,45,10000,371,45,NCNTY51141N51141,"Patrick County, VA",51,99999,Patrick County,141,19407,18490,3
5114399999,5114399999,METRO19260M19260,643,40,METRO19260M19260,617,40,METRO19260M19260,626,40,METRO19260M19260,608,40,METRO19260M19260,617,40,METRO19260M19260,598,40,METRO19260M19260,584,40,METRO19260M19260,561,40,METRO19260M19260,523,40,METRO19260M19260,503,40,1950,489,40,1950,466,40,1950,463,40,1950,452,40,1950,438,40,1950,434,40,1950,431,40,1950,423,40,1950,415,40,1950,405,40,1950,357,40,1950,370,45,1950,412,45,1950,397,45,1950,384,45,1950,374,45,1950,366,45,1950,361,45,1950,351,45,1950,343,45,1950,354,45,1950,342,45,METRO19260M19260,"Danville, VA MSA",51,99999,Pittsylvania County,143,61745,63506,3
5114599999,5114599999,METRO40060M40060,993,50,METRO40060M40060,984,50,METRO40060M40060,979,50,METRO40060M40060,878,40,METRO40060M40060,958,50,METRO40060M40060,930,50,METRO40060M40060,925,50,METRO40060M40060,870,50,METRO40060M40060,788,50,METRO40060M40060,757,50,6760,810,50,6760,785,50,6760,780,50,6760,693,50,6760,671,50,6760,625,40,6760,620,40,6760,609,40,6760,598,40,6760,538,40,6760,522,40,6760,529,45,6760,482,45,6760,465,45,6760,450,45,6760,439,45,6760,430,45,6760,424,45,6760,413,45,6760,404,45,6760,402,45,6760,389,45,METRO40060M40060,"Richmond, VA HUD Metro FMR Area",51,99999,Powhatan County,145,22377,28046,3
5114799999,5114799999,NCNTY51147N51147,775,40,NCNTY51147N51147,705,40,NCNTY51147N51147,735,40,NCNTY51147N51147,633,40,NCNTY51147N51147,688,40,NCNTY51147N51147,667,40,NCNTY51147N51147,651,40,NCNTY51147N51147,626,40,NCNTY51147N51147,587,40,NCNTY51147N51147,564,40,9999,548,40,10000,456,40,10000,456,40,10000,445,40,10000,428,40,10000,425,40,10000,423,40,10000,417,40,10000,408,40,10000,404,40,10000,376,40,10000,385,45,10000,353,45,10000,342,45,10000,331,45,10000,323,45,10000,316,45,10000,312,45,10000,304,45,10000,297,45,10000,373,45,10000,361,45,NCNTY51147N51147,"Prince Edward County, VA",51,99999,Prince Edward County,147,19720,23368,3
5114999999,5114999999,METRO40060M40060,993,50,METRO40060M40060,984,50,METRO40060M40060,979,50,METRO40060M40060,878,40,METRO40060M40060,958,50,METRO40060M40060,930,50,METRO40060M40060,925,50,METRO40060M40060,870,50,METRO40060M40060,788,50,METRO40060M40060,757,50,6760,810,50,6760,785,50,6760,780,50,6760,693,50,6760,671,50,6760,625,40,6760,620,40,6760,609,40,6760,598,40,6760,538,40,6760,522,40,6760,529,45,6760,482,45,6760,465,45,6760,450,45,6760,439,45,6760,430,45,6760,424,45,6760,413,45,6760,404,45,6760,402,45,6760,389,45,METRO40060M40060,"Richmond, VA HUD Metro FMR Area",51,99999,Prince George County,149,33047,35725,3
5115399999,5115399999,METRO47900M47900,1458,40,METRO47900M47900,1469,40,METRO47900M47900,1412,40,METRO47900M47900,1506,50,METRO47900M47900,1461,50,METRO47900M47900,1494,50,METRO47900M47900,1288,40,METRO47900M47900,1324,50,METRO47900M47900,1286,50,METRO47900M47900,1225,50,8840,1187,50,8840,1218,50,8840,1154,50,8840,943,50,8840,907,50,8840,840,40,8840,820,40,8840,812,40,8840,794,40,8840,779,40,8840,834,40,8840,844,45,8840,854,45,8840,830,45,8840,731,45,8840,695,45,8840,671,45,8840,641,45,8840,563,45,8840,530,45,8840,485,45,8840,414,45,METRO47900M47900,"Washington-Arlington-Alexandria, DC-VA-MD HUD Metro FMR Area",51,99999,Prince William County,153,280813,402002,3
5115599999,5115599999,METRO13980N51155,643,40,METRO13980N51155,617,40,METRO13980N51155,630,40,METRO13980N51155,576,40,METRO13980N51155,588,40,METRO13980N51155,571,40,METRO13980N51155,557,40,METRO13980N51155,535,40,METRO13980N51155,502,40,METRO13980N51155,483,40,9999,439,40,10000,456,40,10000,456,40,10000,445,40,10000,428,40,10000,425,40,10000,423,40,10000,417,40,10000,408,40,10000,404,40,10000,348,40,10000,356,45,10000,426,45,10000,412,45,10000,399,45,10000,389,45,10000,381,45,10000,375,45,10000,365,45,10000,357,45,10000,383,45,10000,371,45,METRO13980N51155,"Pulaski County, VA HUD Metro FMR Area",51,99999,Pulaski County,155,35127,34872,3
5115799999,5115799999,NCNTY51157N51157,1056,40,NCNTY51157N51157,990,40,NCNTY51157N51157,946,40,NCNTY51157N51157,791,40,NCNTY51157N51157,700,40,NCNTY51157N51157,680,40,NCNTY51157N51157,664,40,NCNTY51157N51157,638,40,NCNTY51157N51157,597,40,NCNTY51157N51157,574,40,9999,558,40,10000,570,40,10000,570,40,10000,556,40,10000,535,40,10000,531,40,10000,528,40,10000,520,40,10000,508,40,10000,503,40,10000,489,40,10000,499,45,10000,448,45,10000,434,45,10000,420,45,10000,409,45,10000,400,45,10000,394,45,10000,383,45,10000,374,45,10000,325,45,10000,314,45,NCNTY51157N51157,"Rappahannock County, VA",51,99999,Rappahannock County,157,6983,7373,3
5115999999,5115999999,NCNTY51159N51159,777,40,NCNTY51159N51159,719,40,NCNTY51159N51159,713,40,NCNTY51159N51159,636,40,NCNTY51159N51159,708,40,NCNTY51159N51159,687,40,NCNTY51159N51159,671,40,NCNTY51159N51159,645,40,NCNTY51159N51159,604,40,NCNTY51159N51159,581,40,9999,565,40,10000,460,40,10000,460,40,10000,449,40,10000,432,40,10000,429,40,10000,427,40,10000,421,40,10000,412,40,10000,408,40,10000,397,40,10000,406,45,10000,392,45,10000,379,45,10000,367,45,10000,358,45,10000,350,45,10000,345,45,10000,336,45,10000,328,45,10000,409,45,10000,396,45,NCNTY51159N51159,"Richmond County, VA",51,99999,Richmond County,159,8809,9254,3
5116199999,5116199999,METRO40220M40220,732,40,METRO40220M40220,720,40,METRO40220M40220,764,40,METRO40220M40220,732,40,METRO40220M40220,721,40,METRO40220M40220,700,40,METRO40220M40220,683,40,METRO40220M40220,656,40,METRO40220M40220,613,40,METRO40220M40220,589,40,6800,586,40,6800,515,40,6800,512,40,6800,500,40,6800,484,40,6800,479,40,6800,475,40,6800,467,40,6800,458,40,6800,447,40,6800,433,40,6800,439,45,6800,431,45,6800,416,45,6800,402,45,6800,392,45,6800,384,45,6800,378,45,6800,368,45,6800,360,45,6800,383,45,6800,371,45,METRO40220M40220,"Roanoke, VA HUD Metro FMR Area",51,99999,Roanoke County,161,85778,92376,3
5116399999,5116399999,NCNTY51163N51163,677,40,NCNTY51163N51163,638,40,NCNTY51163N51163,678,40,NCNTY51163N51163,612,40,NCNTY51163N51163,588,40,NCNTY51163N51163,571,40,NCNTY51163N51163,557,40,NCNTY51163N51163,535,40,NCNTY51163N51163,502,40,NCNTY51163N51163,483,40,9999,452,40,10000,456,40,10000,456,40,10000,445,40,10000,428,40,10000,425,40,10000,423,40,10000,417,40,10000,408,40,10000,404,40,10000,377,40,10000,386,45,10000,429,45,10000,415,45,10000,401,45,10000,391,45,10000,383,45,10000,377,45,10000,367,45,10000,359,45,10000,311,45,10000,300,45,NCNTY51163N51163,"Rockbridge County-Buena Vista city-Lexington city, VA HUD Nonmetro FMR Area",51,99999,Rockbridge County,163,20808,22307,3
5116599999,5116599999,METRO25500M25500,863,40,METRO25500M25500,740,40,METRO25500M25500,741,40,METRO25500M25500,784,40,METRO25500M25500,713,40,METRO25500M25500,692,40,METRO25500M25500,676,40,METRO25500M25500,649,40,METRO25500M25500,610,40,METRO25500M25500,586,40,9999,569,40,10000,540,40,10000,540,40,10000,527,40,10000,507,40,10000,503,40,10000,501,40,10000,494,40,10000,483,40,10000,478,40,10000,465,40,10000,475,45,10000,429,45,10000,415,45,10000,401,45,10000,391,45,10000,383,45,10000,377,45,10000,367,45,10000,359,45,10000,311,45,10000,300,45,METRO25500M25500,"Harrisonburg, VA MSA",51,99999,Rockingham County,165,67725,76314,3
5116799999,5116799999,NCNTY51167N51167,643,40,NCNTY51167N51167,617,40,NCNTY51167N51167,626,40,NCNTY51167N51167,541,40,NCNTY51167N51167,588,40,NCNTY51167N51167,571,40,NCNTY51167N51167,557,40,NCNTY51167N51167,535,40,NCNTY51167N51167,502,40,NCNTY51167N51167,483,40,9999,428,40,10000,456,40,10000,456,40,10000,445,40,10000,428,40,10000,425,40,10000,423,40,10000,417,40,10000,408,40,10000,404,40,10000,316,40,10000,323,45,10000,410,45,10000,397,45,10000,384,45,10000,374,45,10000,366,45,10000,361,45,10000,351,45,10000,343,45,10000,334,45,10000,323,45,NCNTY51167N51167,"Russell County, VA",51,99999,Russell County,167,30308,28897,3
5116999999,5116999999,METRO28700M28700,658,40,METRO28700M28700,617,40,METRO28700M28700,626,40,METRO28700M28700,563,40,METRO28700M28700,588,40,METRO28700M28700,571,40,METRO28700M28700,557,40,METRO28700M28700,535,40,METRO28700M28700,502,40,METRO28700M28700,483,40,3660,476,40,3660,486,40,3660,484,40,3660,471,40,3660,458,40,3660,450,40,3660,447,40,3660,438,40,3660,427,40,3660,415,40,3660,354,40,3660,363,45,3660,384,45,3660,374,45,3660,362,45,3660,353,45,3660,346,45,3660,341,45,3660,332,45,3660,324,45,3660,334,45,3660,323,45,METRO28700M28700,"Kingsport-Bristol-Bristol, TN-VA MSA",51,99999,Scott County,169,23403,23177,3
5117199999,5117199999,NCNTY51171N51171,816,40,NCNTY51171N51171,714,40,NCNTY51171N51171,761,40,NCNTY51171N51171,650,40,NCNTY51171N51171,634,40,NCNTY51171N51171,615,40,NCNTY51171N51171,601,40,NCNTY51171N51171,577,40,NCNTY51171N51171,542,40,NCNTY51171N51171,521,40,9999,506,40,10000,512,40,10000,512,40,10000,500,40,10000,481,40,10000,478,40,10000,476,40,10000,469,40,10000,459,40,10000,454,40,10000,442,40,10000,452,45,10000,430,45,10000,416,45,10000,402,45,10000,392,45,10000,384,45,10000,378,45,10000,368,45,10000,360,45,10000,311,45,10000,300,45,NCNTY51171N51171,"Shenandoah County, VA",51,99999,Shenandoah County,171,35075,41993,3
5117399999,5117399999,NCNTY51173N51173,643,40,NCNTY51173N51173,617,40,NCNTY51173N51173,626,40,NCNTY51173N51173,541,40,NCNTY51173N51173,588,40,NCNTY51173N51173,571,40,NCNTY51173N51173,557,40,NCNTY51173N51173,535,40,NCNTY51173N51173,502,40,NCNTY51173N51173,483,40,9999,393,40,10000,456,40,10000,456,40,10000,445,40,10000,428,40,10000,425,40,10000,423,40,10000,417,40,10000,408,40,10000,404,40,10000,310,40,10000,292,45,10000,361,45,10000,349,45,10000,338,45,10000,330,45,10000,323,45,10000,318,45,10000,310,45,10000,303,45,10000,266,45,10000,256,45,NCNTY51173N51173,"Smyth County, VA",51,99999,Smyth County,173,33081,32208,3
5117599999,5117599999,NCNTY51175N51175,806,40,NCNTY51175N51175,748,40,NCNTY51175N51175,777,40,NCNTY51175N51175,695,40,NCNTY51175N51175,653,40,NCNTY51175N51175,634,40,NCNTY51175N51175,619,40,NCNTY51175N51175,595,40,NCNTY51175N51175,557,40,NCNTY51175N51175,535,40,9999,520,40,10000,456,40,10000,456,40,10000,445,40,10000,428,40,10000,425,40,10000,423,40,10000,417,40,10000,408,40,10000,404,40,10000,367,40,10000,376,45,10000,343,45,10000,332,45,10000,321,45,10000,313,45,10000,306,45,10000,302,45,10000,294,45,10000,287,45,10000,287,45,10000,276,45,NCNTY51175N51175,"Southampton County-Franklin city, VA HUD Nonmetro FMR Area",51,99999,Southampton County,175,17482,18570,3
5117799999,5117799999,METRO47900M47900,1458,40,METRO47900M47900,1469,40,METRO47900M47900,1412,40,METRO47900M47900,1506,50,METRO47900M47900,1461,50,METRO47900M47900,1494,50,METRO47900M47900,1288,40,METRO47900M47900,1324,50,METRO47900M47900,1286,50,METRO47900M47900,1225,50,8840,1187,50,8840,1218,50,8840,1154,50,8840,943,50,8840,907,50,8840,840,40,8840,820,40,8840,812,40,8840,794,40,8840,779,40,8840,834,40,8840,844,45,10000,507,45,10000,491,45,10000,475,45,10000,463,45,10000,453,45,10000,446,45,10000,434,45,10000,424,45,10000,389,45,10000,376,45,METRO47900M47900,"Washington-Arlington-Alexandria, DC-VA-MD HUD Metro FMR Area",51,99999,Spotsylvania County,177,90395,122397,3
5117999999,5117999999,METRO47900M47900,1458,40,METRO47900M47900,1469,40,METRO47900M47900,1412,40,METRO47900M47900,1506,50,METRO47900M47900,1461,50,METRO47900M47900,1494,50,METRO47900M47900,1288,40,METRO47900M47900,1324,50,METRO47900M47900,1286,50,METRO47900M47900,1225,50,8840,1187,50,8840,1218,50,8840,1154,50,8840,943,50,8840,907,50,8840,840,40,8840,820,40,8840,812,40,8840,794,40,8840,779,40,8840,834,40,8840,844,45,8840,854,45,8840,830,45,8840,731,45,8840,695,45,8840,671,45,8840,641,45,8840,563,45,8840,530,45,8840,485,45,8840,414,45,METRO47900M47900,"Washington-Arlington-Alexandria, DC-VA-MD HUD Metro FMR Area",51,99999,Stafford County,179,92446,128961,3
5118199999,5118199999,METRO47260M47260,1107,50,METRO47260M47260,1130,50,METRO47260M47260,1136,50,METRO47260M47260,1064,50,METRO47260M47260,965,40,METRO47260M47260,934,40,METRO47260M47260,904,40,METRO47260M47260,904,50,METRO47260M47260,844,50,METRO47260M47260,811,50,9999,485,40,10000,456,40,10000,456,40,10000,445,40,10000,428,40,10000,425,40,10000,423,40,10000,417,40,10000,408,40,10000,404,40,10000,348,40,10000,356,45,10000,343,45,10000,332,45,10000,321,45,10000,313,45,10000,306,45,10000,302,45,10000,294,45,10000,287,45,10000,287,45,10000,276,45,METRO47260M47260,"Virginia Beach-Norfolk-Newport News, VA-NC MSA",51,99999,Surry County,181,6829,7058,3
5118399999,5118399999,METRO40060M40060,993,50,METRO40060M40060,984,50,METRO40060M40060,979,50,METRO40060M40060,878,40,METRO40060M40060,958,50,METRO40060M40060,930,50,METRO40060M40060,925,50,METRO40060M40060,870,50,METRO40060M40060,788,50,METRO40060M40060,757,50,9999,485,40,10000,456,40,10000,456,40,10000,445,40,10000,428,40,10000,425,40,10000,423,40,10000,417,40,10000,408,40,10000,404,40,10000,349,40,10000,357,45,10000,334,45,10000,323,45,10000,313,45,10000,305,45,10000,299,45,10000,295,45,10000,287,45,10000,281,45,10000,373,45,10000,361,45,METRO40060M40060,"Richmond, VA HUD Metro FMR Area",51,99999,Sussex County,183,12504,12087,3
5118599999,5118599999,NCNTY51185N51185,643,40,NCNTY51185N51185,617,40,NCNTY51185N51185,626,40,NCNTY51185N51185,541,40,NCNTY51185N51185,588,40,NCNTY51185N51185,571,40,NCNTY51185N51185,557,40,NCNTY51185N51185,535,40,NCNTY51185N51185,502,40,NCNTY51185N51185,483,40,9999,436,40,10000,456,40,10000,456,40,10000,445,40,10000,428,40,10000,425,40,10000,423,40,10000,417,40,10000,408,40,10000,404,40,10000,313,40,10000,320,45,10000,410,45,10000,397,45,10000,384,45,10000,374,45,10000,366,45,10000,361,45,10000,351,45,10000,343,45,10000,334,45,10000,323,45,NCNTY51185N51185,"Tazewell County, VA",51,99999,Tazewell County,185,44598,45078,3
5118799999,5118799999,METRO47900MM8820,910,40,METRO47900MM8820,914,40,METRO47900MM8820,886,40,METRO47900MM8820,844,40,METRO47900MM8820,850,40,METRO47900MM8820,814,40,METRO47900MM8820,769,40,METRO47900MM8820,719,40,METRO47900MM8820,685,40,METRO47900MM8820,653,40,8820,630,40,8820,661,40,8820,629,40,8820,597,40,8820,573,40,8820,557,40,8820,544,40,8820,538,40,8820,526,40,8820,516,40,8820,507,40,8820,518,45,10000,430,45,10000,416,45,10000,402,45,10000,392,45,10000,384,45,10000,378,45,10000,368,45,10000,360,45,10000,311,45,10000,300,45,METRO47900MM8820,"Warren County, VA HUD Metro FMR Area",51,99999,Warren County,187,31584,37575,3
5119199999,5119199999,METRO28700M28700,658,40,METRO28700M28700,617,40,METRO28700M28700,626,40,METRO28700M28700,563,40,METRO28700M28700,588,40,METRO28700M28700,571,40,METRO28700M28700,557,40,METRO28700M28700,535,40,METRO28700M28700,502,40,METRO28700M28700,483,40,3660,476,40,3660,486,40,3660,484,40,3660,471,40,3660,458,40,3660,450,40,3660,447,40,3660,438,40,3660,427,40,3660,415,40,3660,354,40,3660,363,45,3660,384,45,3660,374,45,3660,362,45,3660,353,45,3660,346,45,3660,341,45,3660,332,45,3660,324,45,3660,334,45,3660,323,45,METRO28700M28700,"Kingsport-Bristol-Bristol, TN-VA MSA",51,99999,Washington County,191,51103,54876,3
5119399999,5119399999,NCNTY51193N51193,752,40,NCNTY51193N51193,709,40,NCNTY51193N51193,896,40,NCNTY51193N51193,814,40,NCNTY51193N51193,736,40,NCNTY51193N51193,714,40,NCNTY51193N51193,697,40,NCNTY51193N51193,669,40,NCNTY51193N51193,627,40,NCNTY51193N51193,603,40,9999,586,40,10000,553,40,10000,553,40,10000,539,40,10000,519,40,10000,515,40,10000,513,40,10000,506,40,10000,495,40,10000,490,40,10000,477,40,10000,488,45,10000,392,45,10000,379,45,10000,367,45,10000,358,45,10000,350,45,10000,345,45,10000,336,45,10000,328,45,10000,373,45,10000,361,45,NCNTY51193N51193,"Westmoreland County, VA",51,99999,Westmoreland County,193,16718,17454,3
5119599999,5119599999,NCNTY51195N51195,643,40,NCNTY51195N51195,617,40,NCNTY51195N51195,626,40,NCNTY51195N51195,541,40,NCNTY51195N51195,588,40,NCNTY51195N51195,571,40,NCNTY51195N51195,557,40,NCNTY51195N51195,535,40,NCNTY51195N51195,502,40,NCNTY51195N51195,483,40,9999,422,40,10000,456,40,10000,456,40,10000,445,40,10000,428,40,10000,425,40,10000,423,40,10000,417,40,10000,408,40,10000,404,40,10000,367,40,10000,376,45,10000,412,45,10000,399,45,10000,386,45,10000,376,45,10000,368,45,10000,363,45,10000,353,45,10000,345,45,10000,334,45,10000,323,45,NCNTY51195N51195,"Wise County-Norton city, VA HUD Nonmetro FMR Area",51,99999,Wise County,195,40123,41452,3
5119799999,5119799999,NCNTY51197N51197,645,40,NCNTY51197N51197,617,40,NCNTY51197N51197,626,40,NCNTY51197N51197,541,40,NCNTY51197N51197,588,40,NCNTY51197N51197,571,40,NCNTY51197N51197,557,40,NCNTY51197N51197,535,40,NCNTY51197N51197,502,40,NCNTY51197N51197,483,40,9999,469,40,10000,456,40,10000,456,40,10000,445,40,10000,428,40,10000,425,40,10000,423,40,10000,417,40,10000,408,40,10000,404,40,10000,351,40,10000,359,45,10000,386,45,10000,374,45,10000,362,45,10000,353,45,10000,346,45,10000,341,45,10000,332,45,10000,325,45,10000,325,45,10000,314,45,NCNTY51197N51197,"Wythe County, VA",51,99999,Wythe County,197,27599,29235,3
5119999999,5119999999,METRO47260M47260,1107,50,METRO47260M47260,1130,50,METRO47260M47260,1136,50,METRO47260M47260,1064,50,METRO47260M47260,965,40,METRO47260M47260,934,40,METRO47260M47260,904,40,METRO47260M47260,904,50,METRO47260M47260,844,50,METRO47260M47260,811,50,5720,788,50,5720,748,50,5720,743,50,5720,652,50,5720,632,50,5720,580,40,5720,576,40,5720,566,40,5720,556,40,5720,542,40,5720,526,40,5720,545,45,5720,550,45,5720,531,45,5720,514,45,5720,485,45,5720,475,45,5720,437,45,5720,425,45,5720,415,45,5720,415,45,5720,402,45,METRO47260M47260,"Virginia Beach-Norfolk-Newport News, VA-NC MSA",51,99999,York County,199,56297,65464,3
5151099999,5151099999,METRO47900M47900,1458,40,METRO47900M47900,1469,40,METRO47900M47900,1412,40,METRO47900M47900,1506,50,METRO47900M47900,1461,50,METRO47900M47900,1494,50,METRO47900M47900,1288,40,METRO47900M47900,1324,50,METRO47900M47900,1286,50,METRO47900M47900,1225,50,8840,1187,50,8840,1218,50,8840,1154,50,8840,943,50,8840,907,50,8840,840,40,8840,820,40,8840,812,40,8840,794,40,8840,779,40,8840,834,40,8840,844,45,8840,854,45,8840,830,45,8840,731,45,8840,695,45,8840,671,45,8840,641,45,8840,563,45,8840,530,45,8840,485,45,8840,414,45,METRO47900M47900,"Washington-Arlington-Alexandria, DC-VA-MD HUD Metro FMR Area",51,99999,Alexandria city,510,128283,139966,3
5151599999,5151599999,METRO31340M31340,746,40,METRO31340M31340,657,40,METRO31340M31340,726,40,METRO31340M31340,654,40,METRO31340M31340,653,40,METRO31340M31340,634,40,METRO31340M31340,619,40,METRO31340M31340,595,40,METRO31340M31340,556,40,METRO31340M31340,534,40,4640,520,40,4640,476,40,4640,473,40,4640,461,40,4640,447,40,4640,443,40,4640,440,40,4640,432,40,4640,424,40,4640,413,40,4640,400,40,4640,402,45,10000,372,45,10000,360,45,10000,348,45,10000,339,45,10000,332,45,10000,327,45,10000,318,45,10000,311,45,10000,383,45,10000,371,45,METRO31340M31340,"Lynchburg, VA MSA",51,99999,Bedford city,515,6299,6222,3
5152099999,5152099999,METRO28700M28700,658,40,METRO28700M28700,617,40,METRO28700M28700,626,40,METRO28700M28700,563,40,METRO28700M28700,588,40,METRO28700M28700,571,40,METRO28700M28700,557,40,METRO28700M28700,535,40,METRO28700M28700,502,40,METRO28700M28700,483,40,3660,476,40,3660,486,40,3660,484,40,3660,471,40,3660,458,40,3660,450,40,3660,447,40,3660,438,40,3660,427,40,3660,415,40,3660,354,40,3660,363,45,3660,384,45,3660,374,45,3660,362,45,3660,353,45,3660,346,45,3660,341,45,3660,332,45,3660,324,45,3660,334,45,3660,323,45,METRO28700M28700,"Kingsport-Bristol-Bristol, TN-VA MSA",51,99999,Bristol city,520,17367,17835,3
5153099999,5153099999,NCNTY51163N51163,677,40,NCNTY51163N51163,638,40,NCNTY51163N51163,678,40,NCNTY51163N51163,612,40,NCNTY51163N51163,588,40,NCNTY51163N51163,571,40,NCNTY51163N51163,557,40,NCNTY51163N51163,535,40,NCNTY51163N51163,502,40,NCNTY51163N51163,483,40,,,,,,,,,,,,,,,,,,,,,,,,,,,,,,,,,,,,,10000,429,45,10000,415,45,10000,401,45,10000,391,45,10000,383,45,10000,377,45,10000,367,45,10000,359,45,10000,311,45,10000,300,45,NCNTY51163N51163,"Rockbridge County-Buena Vista city-Lexington city, VA HUD Nonmetro FMR Area",51,99999,Buena Vista city,530,6349,6650,3
5154099999,5154099999,METRO16820M16820,1038,40,METRO16820M16820,1008,40,METRO16820M16820,1099,40,METRO16820M16820,1029,40,METRO16820M16820,931,40,METRO16820M16820,903,40,METRO16820M16820,882,40,METRO16820M16820,847,40,METRO16820M16820,792,40,METRO16820M16820,761,40,1540,744,40,1540,698,40,1540,693,40,1540,677,40,1540,656,40,1540,650,40,1540,645,40,1540,634,40,1540,622,40,1540,585,40,1540,567,40,1540,569,45,1540,539,45,1540,520,45,1540,503,45,1540,490,45,1540,479,45,1540,472,45,1540,459,45,1540,449,45,1540,415,45,1540,402,45,METRO16820M16820,"Charlottesville, VA MSA",51,99999,Charlottesville city,540,45049,43475,3
5155099999,5155099999,METRO47260M47260,1107,50,METRO47260M47260,1130,50,METRO47260M47260,1136,50,METRO47260M47260,1064,50,METRO47260M47260,965,40,METRO47260M47260,934,40,METRO47260M47260,904,40,METRO47260M47260,904,50,METRO47260M47260,844,50,METRO47260M47260,811,50,5720,788,50,5720,748,50,5720,743,50,5720,652,50,5720,632,50,5720,580,40,5720,576,40,5720,566,40,5720,556,40,5720,542,40,5720,526,40,5720,545,45,5720,550,45,5720,531,45,5720,514,45,5720,485,45,5720,475,45,5720,437,45,5720,425,45,5720,415,45,5720,415,45,5720,402,45,METRO47260M47260,"Virginia Beach-Norfolk-Newport News, VA-NC MSA",51,99999,Chesapeake city,550,199184,222209,3
5156099999,5156099999,NCNTY51005N51005,674,40,NCNTY51005N51005,617,40,NCNTY51005N51005,626,40,NCNTY51005N51005,541,40,NCNTY51005N51005,588,40,NCNTY51005N51005,571,40,NCNTY51005N51005,557,40,NCNTY51005N51005,535,40,NCNTY51005N51005,502,40,NCNTY51005N51005,483,40,,,,,,,,,,,,,,,,,,,,,,,,,,,,,,,,,,,,,10000,429,45,10000,415,45,10000,401,45,10000,391,45,10000,383,45,10000,377,45,10000,367,45,10000,359,45,10000,325,45,10000,314,45,NCNTY51005N51005,"Alleghany County-Clifton Forge city-Covington city, VA HUD Nonmetro FMR Area",51,99999,Clifton Forge city,560,4289,3884,3
5157099999,5157099999,METRO40060M40060,993,50,METRO40060M40060,984,50,METRO40060M40060,979,50,METRO40060M40060,878,40,METRO40060M40060,958,50,METRO40060M40060,930,50,METRO40060M40060,925,50,METRO40060M40060,870,50,METRO40060M40060,788,50,METRO40060M40060,757,50,6760,810,50,6760,785,50,6760,780,50,6760,693,50,6760,671,50,6760,625,40,6760,620,40,6760,609,40,6760,598,40,6760,538,40,6760,522,40,6760,529,45,6760,482,45,6760,465,45,6760,450,45,6760,439,45,6760,430,45,6760,424,45,6760,413,45,6760,404,45,6760,402,45,6760,389,45,METRO40060M40060,"Richmond, VA HUD Metro FMR Area",51,99999,Colonial Heights city,570,16897,17411,3
5158099999,5158099999,NCNTY51005N51005,674,40,NCNTY51005N51005,617,40,NCNTY51005N51005,626,40,NCNTY51005N51005,541,40,NCNTY51005N51005,588,40,NCNTY51005N51005,571,40,NCNTY51005N51005,557,40,NCNTY51005N51005,535,40,NCNTY51005N51005,502,40,NCNTY51005N51005,483,40,,,,,,,,,,,,,,,,,,,,,,,,,,,,,,,,,,,,,10000,429,45,10000,415,45,10000,401,45,10000,391,45,10000,383,45,10000,377,45,10000,367,45,10000,359,45,10000,325,45,10000,314,45,NCNTY51005N51005,"Alleghany County-Clifton Forge city-Covington city, VA HUD Nonmetro FMR Area",51,99999,Covington city,580,6303,5961,3
5159099999,5159099999,METRO19260M19260,643,40,METRO19260M19260,617,40,METRO19260M19260,626,40,METRO19260M19260,608,40,METRO19260M19260,617,40,METRO19260M19260,598,40,METRO19260M19260,584,40,METRO19260M19260,561,40,METRO19260M19260,523,40,METRO19260M19260,503,40,1950,489,40,1950,466,40,1950,463,40,1950,452,40,1950,438,40,1950,434,40,1950,431,40,1950,423,40,1950,415,40,1950,405,40,1950,357,40,1950,370,45,1950,412,45,1950,397,45,1950,384,45,1950,374,45,1950,366,45,1950,361,45,1950,351,45,1950,343,45,1950,354,45,1950,342,45,METRO19260M19260,"Danville, VA MSA",51,99999,Danville city,590,48411,43055,3
5159599999,5159599999,NCNTY51081N51081,690,40,NCNTY51081N51081,617,40,NCNTY51081N51081,628,40,NCNTY51081N51081,571,40,NCNTY51081N51081,610,40,NCNTY51081N51081,592,40,NCNTY51081N51081,579,40,NCNTY51081N51081,556,40,NCNTY51081N51081,520,40,NCNTY51081N51081,500,40,,,,,,,,,,,,,,,,,,,,,,,,,,,,,,,,,,,,,10000,334,45,10000,323,45,10000,313,45,10000,305,45,10000,299,45,10000,295,45,10000,287,45,10000,281,45,10000,373,45,10000,361,45,NCNTY51081N51081,"Greensville County-Emporia city, VA HUD Nonmetro FMR Area",51,99999,Emporia city,595,5665,5927,3
5160099999,5160099999,METRO47900M47900,1458,40,METRO47900M47900,1469,40,METRO47900M47900,1412,40,METRO47900M47900,1506,50,METRO47900M47900,1461,50,METRO47900M47900,1494,50,METRO47900M47900,1288,40,METRO47900M47900,1324,50,METRO47900M47900,1286,50,METRO47900M47900,1225,50,8840,1187,50,8840,1218,50,8840,1154,50,8840,943,50,8840,907,50,8840,840,40,8840,820,40,8840,812,40,8840,794,40,8840,779,40,8840,834,40,8840,844,45,8840,854,45,8840,830,45,8840,731,45,8840,695,45,8840,671,45,8840,641,45,8840,563,45,8840,530,45,8840,485,45,8840,414,45,METRO47900M47900,"Washington-Arlington-Alexandria, DC-VA-MD HUD Metro FMR Area",51,99999,Fairfax city,600,21498,22565,3
5161099999,5161099999,METRO47900M47900,1458,40,METRO47900M47900,1469,40,METRO47900M47900,1412,40,METRO47900M47900,1506,50,METRO47900M47900,1461,50,METRO47900M47900,1494,50,METRO47900M47900,1288,40,METRO47900M47900,1324,50,METRO47900M47900,1286,50,METRO47900M47900,1225,50,8840,1187,50,8840,1218,50,8840,1154,50,8840,943,50,8840,907,50,8840,840,40,8840,820,40,8840,812,40,8840,794,40,8840,779,40,8840,834,40,8840,844,45,8840,854,45,8840,830,45,8840,731,45,8840,695,45,8840,671,45,8840,641,45,8840,563,45,8840,530,45,8840,485,45,8840,414,45,METRO47900M47900,"Washington-Arlington-Alexandria, DC-VA-MD HUD Metro FMR Area",51,99999,Falls Church city,610,10377,12332,3
5162099999,5162099999,NCNTY51175N51175,806,40,NCNTY51175N51175,748,40,NCNTY51175N51175,777,40,NCNTY51175N51175,695,40,NCNTY51175N51175,653,40,NCNTY51175N51175,634,40,NCNTY51175N51175,619,40,NCNTY51175N51175,595,40,NCNTY51175N51175,557,40,NCNTY51175N51175,535,40,,,,,,,,,,,,,,,,,,,,,,,,,,,,,,,,,,,,,10000,334,45,10000,323,45,10000,313,45,10000,305,45,10000,299,45,10000,295,45,10000,287,45,10000,281,45,10000,325,45,10000,314,45,NCNTY51175N51175,"Southampton County-Franklin city, VA HUD Nonmetro FMR Area",51,99999,Franklin city,620,8346,8582,3
5163099999,5163099999,METRO47900M47900,1458,40,METRO47900M47900,1469,40,METRO47900M47900,1412,40,METRO47900M47900,1506,50,METRO47900M47900,1461,50,METRO47900M47900,1494,50,METRO47900M47900,1288,40,METRO47900M47900,1324,50,METRO47900M47900,1286,50,METRO47900M47900,1225,50,8840,1187,50,8840,1218,50,8840,1154,50,8840,943,50,8840,907,50,8840,840,40,8840,820,40,8840,812,40,8840,794,40,8840,779,40,8840,834,40,8840,844,45,10000,598,45,10000,579,45,10000,560,45,10000,463,45,10000,453,45,10000,446,45,10000,434,45,10000,424,45,10000,389,45,10000,376,45,METRO47900M47900,"Washington-Arlington-Alexandria, DC-VA-MD HUD Metro FMR Area",51,99999,Fredericksburg city,630,19279,24286,3
5164099999,5164099999,NCNTY51035N51035,643,40,NCNTY51035N51035,617,40,NCNTY51035N51035,626,40,NCNTY51035N51035,541,40,NCNTY51035N51035,588,40,NCNTY51035N51035,571,40,NCNTY51035N51035,557,40,NCNTY51035N51035,535,40,NCNTY51035N51035,502,40,NCNTY51035N51035,483,40,,,,,,,,,,,,,,,,,,,,,,,,,,,,,,,,,,,,,10000,361,45,10000,349,45,10000,338,45,10000,330,45,10000,323,45,10000,318,45,10000,310,45,10000,303,45,10000,294,45,10000,283,45,NCNTY51035N51035,"Carroll County-Galax city, VA HUD Nonmetro FMR Area",51,99999,Galax city,640,6837,7042,3
5165099999,5165099999,METRO47260M47260,1107,50,METRO47260M47260,1130,50,METRO47260M47260,1136,50,METRO47260M47260,1064,50,METRO47260M47260,965,40,METRO47260M47260,934,40,METRO47260M47260,904,40,METRO47260M47260,904,50,METRO47260M47260,844,50,METRO47260M47260,811,50,5720,788,50,5720,748,50,5720,743,50,5720,652,50,5720,632,50,5720,580,40,5720,576,40,5720,566,40,5720,556,40,5720,542,40,5720,526,40,5720,545,45,5720,550,45,5720,531,45,5720,514,45,5720,485,45,5720,475,45,5720,437,45,5720,425,45,5720,415,45,5720,415,45,5720,402,45,METRO47260M47260,"Virginia Beach-Norfolk-Newport News, VA-NC MSA",51,99999,Hampton city,650,146437,137436,3
5166099999,5166099999,METRO25500M25500,863,40,METRO25500M25500,740,40,METRO25500M25500,741,40,METRO25500M25500,784,40,METRO25500M25500,713,40,METRO25500M25500,692,40,METRO25500M25500,676,40,METRO25500M25500,649,40,METRO25500M25500,610,40,METRO25500M25500,586,40,,,,,,,,,,,,,,,,,,,,,,,,,,,,,,,,,,,,,10000,492,45,10000,476,45,10000,460,45,10000,391,45,10000,383,45,10000,377,45,10000,367,45,10000,359,45,10000,311,45,10000,300,45,METRO25500M25500,"Harrisonburg, VA MSA",51,99999,Harrisonburg city,660,40468,48914,3
5167099999,5167099999,METRO40060M40060,993,50,METRO40060M40060,984,50,METRO40060M40060,979,50,METRO40060M40060,878,40,METRO40060M40060,958,50,METRO40060M40060,930,50,METRO40060M40060,925,50,METRO40060M40060,870,50,METRO40060M40060,788,50,METRO40060M40060,757,50,6760,810,50,6760,785,50,6760,780,50,6760,693,50,6760,671,50,6760,625,40,6760,620,40,6760,609,40,6760,598,40,6760,538,40,6760,522,40,6760,529,45,6760,482,45,6760,465,45,6760,450,45,6760,439,45,6760,430,45,6760,424,45,6760,413,45,6760,404,45,6760,402,45,6760,389,45,METRO40060M40060,"Richmond, VA HUD Metro FMR Area",51,99999,Hopewell city,670,22354,22591,3
5167899999,5167899999,NCNTY51163N51163,677,40,NCNTY51163N51163,638,40,NCNTY51163N51163,678,40,NCNTY51163N51163,612,40,NCNTY51163N51163,588,40,NCNTY51163N51163,571,40,NCNTY51163N51163,557,40,NCNTY51163N51163,535,40,NCNTY51163N51163,502,40,NCNTY51163N51163,483,40,,,,,,,,,,,,,,,,,,,,,,,,,,,,,,,,,,,,,10000,429,45,10000,415,45,10000,401,45,10000,391,45,10000,383,45,10000,377,45,10000,367,45,10000,359,45,10000,311,45,10000,300,45,NCNTY51163N51163,"Rockbridge County-Buena Vista city-Lexington city, VA HUD Nonmetro FMR Area",51,99999,Lexington city,678,6867,7042,3
5168099999,5168099999,METRO31340M31340,746,40,METRO31340M31340,657,40,METRO31340M31340,726,40,METRO31340M31340,654,40,METRO31340M31340,653,40,METRO31340M31340,634,40,METRO31340M31340,619,40,METRO31340M31340,595,40,METRO31340M31340,556,40,METRO31340M31340,534,40,4640,520,40,4640,476,40,4640,473,40,4640,461,40,4640,447,40,4640,443,40,4640,440,40,4640,432,40,4640,424,40,4640,413,40,4640,400,40,4640,402,45,4640,444,45,4640,428,45,4640,414,45,4640,404,45,4640,395,45,4640,389,45,4640,379,45,4640,370,45,4640,385,45,4640,372,45,METRO31340M31340,"Lynchburg, VA MSA",51,99999,Lynchburg city,680,65269,75568,3
5168399999,5168399999,METRO47900M47900,1458,40,METRO47900M47900,1469,40,METRO47900M47900,1412,40,METRO47900M47900,1506,50,METRO47900M47900,1461,50,METRO47900M47900,1494,50,METRO47900M47900,1288,40,METRO47900M47900,1324,50,METRO47900M47900,1286,50,METRO47900M47900,1225,50,8840,1187,50,8840,1218,50,8840,1154,50,8840,943,50,8840,907,50,8840,840,40,8840,820,40,8840,812,40,8840,794,40,8840,779,40,8840,834,40,8840,844,45,8840,854,45,8840,830,45,8840,731,45,8840,695,45,8840,671,45,8840,641,45,8840,563,45,8840,530,45,8840,485,45,8840,416,45,METRO47900M47900,"Washington-Arlington-Alexandria, DC-VA-MD HUD Metro FMR Area",51,99999,Manassas city,683,35135,37821,3
5168599999,5168599999,METRO47900M47900,1458,40,METRO47900M47900,1469,40,METRO47900M47900,1412,40,METRO47900M47900,1506,50,METRO47900M47900,1461,50,METRO47900M47900,1494,50,METRO47900M47900,1288,40,METRO47900M47900,1324,50,METRO47900M47900,1286,50,METRO47900M47900,1225,50,8840,1187,50,8840,1218,50,8840,1154,50,8840,943,50,8840,907,50,8840,840,40,8840,820,40,8840,812,40,8840,794,40,8840,779,40,8840,834,40,8840,844,45,8840,854,45,8840,830,45,8840,731,45,8840,695,45,8840,671,45,8840,641,45,8840,563,45,8840,530,45,8840,485,45,8840,416,45,METRO47900M47900,"Washington-Arlington-Alexandria, DC-VA-MD HUD Metro FMR Area",51,99999,Manassas Park city,685,10290,14273,3
5169099999,5169099999,NCNTY51089N51089,643,40,NCNTY51089N51089,617,40,NCNTY51089N51089,626,40,NCNTY51089N51089,541,40,NCNTY51089N51089,588,40,NCNTY51089N51089,571,40,NCNTY51089N51089,557,40,NCNTY51089N51089,535,40,NCNTY51089N51089,502,40,NCNTY51089N51089,483,40,,,,,,,,,,,,,,,,,,,,,,,,,,,,,,,,,,,,,10000,430,45,10000,416,45,10000,402,45,10000,392,45,10000,384,45,10000,378,45,10000,368,45,10000,360,45,10000,383,45,10000,371,45,NCNTY51089N51089,"Henry County-Martinsville city, VA HUD Nonmetro FMR Area",51,99999,Martinsville city,690,15416,13821,3
5170099999,5170099999,METRO47260M47260,1107,50,METRO47260M47260,1130,50,METRO47260M47260,1136,50,METRO47260M47260,1064,50,METRO47260M47260,965,40,METRO47260M47260,934,40,METRO47260M47260,904,40,METRO47260M47260,904,50,METRO47260M47260,844,50,METRO47260M47260,811,50,5720,788,50,5720,748,50,5720,743,50,5720,652,50,5720,632,50,5720,580,40,5720,576,40,5720,566,40,5720,556,40,5720,542,40,5720,526,40,5720,545,45,5720,550,45,5720,531,45,5720,514,45,5720,485,45,5720,475,45,5720,437,45,5720,425,45,5720,415,45,5720,415,45,5720,402,45,METRO47260M47260,"Virginia Beach-Norfolk-Newport News, VA-NC MSA",51,99999,Newport News city,700,180150,180719,3
5171099999,5171099999,METRO47260M47260,1107,50,METRO47260M47260,1130,50,METRO47260M47260,1136,50,METRO47260M47260,1064,50,METRO47260M47260,965,40,METRO47260M47260,934,40,METRO47260M47260,904,40,METRO47260M47260,904,50,METRO47260M47260,844,50,METRO47260M47260,811,50,5720,788,50,5720,748,50,5720,743,50,5720,652,50,5720,632,50,5720,580,40,5720,576,40,5720,566,40,5720,556,40,5720,542,40,5720,526,40,5720,545,45,5720,550,45,5720,531,45,5720,514,45,5720,485,45,5720,475,45,5720,437,45,5720,425,45,5720,415,45,5720,415,45,5720,402,45,METRO47260M47260,"Virginia Beach-Norfolk-Newport News, VA-NC MSA",51,99999,Norfolk city,710,234403,242803,3
5172099999,5172099999,NCNTY51195N51195,643,40,NCNTY51195N51195,617,40,NCNTY51195N51195,626,40,NCNTY51195N51195,541,40,NCNTY51195N51195,588,40,NCNTY51195N51195,571,40,NCNTY51195N51195,557,40,NCNTY51195N51195,535,40,NCNTY51195N51195,502,40,NCNTY51195N51195,483,40,,,,,,,,,,,,,,,,,,,,,,,,,,,,,,,,,,,,,10000,411,45,10000,398,45,10000,385,45,10000,375,45,10000,367,45,10000,362,45,10000,352,45,10000,344,45,10000,334,45,10000,323,45,NCNTY51195N51195,"Wise County-Norton city, VA HUD Nonmetro FMR Area",51,99999,Norton city,720,3904,3958,3
5173099999,5173099999,METRO40060M40060,993,50,METRO40060M40060,984,50,METRO40060M40060,979,50,METRO40060M40060,878,40,METRO40060M40060,958,50,METRO40060M40060,930,50,METRO40060M40060,925,50,METRO40060M40060,870,50,METRO40060M40060,788,50,METRO40060M40060,757,50,6760,810,50,6760,785,50,6760,780,50,6760,693,50,6760,671,50,6760,625,40,6760,620,40,6760,609,40,6760,598,40,6760,538,40,6760,522,40,6760,529,45,6760,482,45,6760,465,45,6760,450,45,6760,439,45,6760,430,45,6760,424,45,6760,413,45,6760,404,45,6760,402,45,6760,389,45,METRO40060M40060,"Richmond, VA HUD Metro FMR Area",51,99999,Petersburg city,730,33740,32420,3
5173599999,5173599999,METRO47260M47260,1107,50,METRO47260M47260,1130,50,METRO47260M47260,1136,50,METRO47260M47260,1064,50,METRO47260M47260,965,40,METRO47260M47260,934,40,METRO47260M47260,904,40,METRO47260M47260,904,50,METRO47260M47260,844,50,METRO47260M47260,811,50,5720,788,50,5720,748,50,5720,743,50,5720,652,50,5720,632,50,5720,580,40,5720,576,40,5720,566,40,5720,556,40,5720,542,40,5720,526,40,5720,545,45,5720,550,45,5720,531,45,5720,514,45,5720,485,45,5720,475,45,5720,437,45,5720,425,45,5720,415,45,5720,415,45,5720,402,45,METRO47260M47260,"Virginia Beach-Norfolk-Newport News, VA-NC MSA",51,99999,Poquoson city,735,11566,12150,3
5174099999,5174099999,METRO47260M47260,1107,50,METRO47260M47260,1130,50,METRO47260M47260,1136,50,METRO47260M47260,1064,50,METRO47260M47260,965,40,METRO47260M47260,934,40,METRO47260M47260,904,40,METRO47260M47260,904,50,METRO47260M47260,844,50,METRO47260M47260,811,50,5720,788,50,5720,748,50,5720,743,50,5720,652,50,5720,632,50,5720,580,40,5720,576,40,5720,566,40,5720,556,40,5720,542,40,5720,526,40,5720,545,45,5720,550,45,5720,531,45,5720,514,45,5720,485,45,5720,475,45,5720,437,45,5720,425,45,5720,415,45,5720,415,45,5720,402,45,METRO47260M47260,"Virginia Beach-Norfolk-Newport News, VA-NC MSA",51,99999,Portsmouth city,740,100565,95535,3
5175099999,5175099999,METRO13980N51121,733,40,METRO13980N51121,716,40,METRO13980N51121,765,40,METRO13980N51121,724,40,METRO13980N51121,702,40,METRO13980N51121,681,40,METRO13980N51121,665,40,METRO13980N51121,639,40,METRO13980N51121,598,40,METRO13980N51121,575,40,,,,,,,,,,,,,,,,,,,,,,,,,,,,,,,,,,,,,10000,520,45,10000,503,45,10000,486,45,10000,474,45,10000,464,45,10000,457,45,10000,445,45,10000,435,45,10000,383,45,10000,371,45,METRO13980N51121,"Blacksburg-Christiansburg-Radford, VA HUD Metro FMR Area",51,99999,Radford city,750,15859,16408,3
5176099999,5176099999,METRO40060M40060,993,50,METRO40060M40060,984,50,METRO40060M40060,979,50,METRO40060M40060,878,40,METRO40060M40060,958,50,METRO40060M40060,930,50,METRO40060M40060,925,50,METRO40060M40060,870,50,METRO40060M40060,788,50,METRO40060M40060,757,50,6760,810,50,6760,785,50,6760,780,50,6760,693,50,6760,671,50,6760,625,40,6760,620,40,6760,609,40,6760,598,40,6760,538,40,6760,522,40,6760,529,45,6760,482,45,6760,465,45,6760,450,45,6760,439,45,6760,430,45,6760,424,45,6760,413,45,6760,404,45,6760,402,45,6760,389,45,METRO40060M40060,"Richmond, VA HUD Metro FMR Area",51,99999,Richmond city,760,197790,204214,3
5177099999,5177099999,METRO40220M40220,732,40,METRO40220M40220,720,40,METRO40220M40220,764,40,METRO40220M40220,732,40,METRO40220M40220,721,40,METRO40220M40220,700,40,METRO40220M40220,683,40,METRO40220M40220,656,40,METRO40220M40220,613,40,METRO40220M40220,589,40,6800,586,40,6800,515,40,6800,512,40,6800,500,40,6800,484,40,6800,479,40,6800,475,40,6800,467,40,6800,458,40,6800,447,40,6800,433,40,6800,439,45,6800,431,45,6800,416,45,6800,402,45,6800,392,45,6800,384,45,6800,378,45,6800,368,45,6800,360,45,6800,383,45,6800,371,45,METRO40220M40220,"Roanoke, VA HUD Metro FMR Area",51,99999,Roanoke city,770,94911,97032,3
5177599999,5177599999,METRO40220M40220,732,40,METRO40220M40220,720,40,METRO40220M40220,764,40,METRO40220M40220,732,40,METRO40220M40220,721,40,METRO40220M40220,700,40,METRO40220M40220,683,40,METRO40220M40220,656,40,METRO40220M40220,613,40,METRO40220M40220,589,40,6800,586,40,6800,515,40,6800,512,40,6800,500,40,6800,484,40,6800,479,40,6800,475,40,6800,467,40,6800,458,40,6800,447,40,6800,433,40,6800,439,45,6800,431,45,6800,416,45,6800,402,45,6800,392,45,6800,384,45,6800,378,45,6800,368,45,6800,360,45,6800,383,45,6800,371,45,METRO40220M40220,"Roanoke, VA HUD Metro FMR Area",51,99999,Salem city,775,24747,24802,3
5179099999,5179099999,NCNTY51015N51015,801,40,NCNTY51015N51015,719,40,NCNTY51015N51015,669,40,NCNTY51015N51015,629,40,NCNTY51015N51015,689,40,NCNTY51015N51015,668,40,NCNTY51015N51015,653,40,NCNTY51015N51015,627,40,NCNTY51015N51015,588,40,NCNTY51015N51015,565,40,,,,,,,,,,,,,,,,,,,,,,,,,,,,,,,,,,,,,10000,429,45,10000,415,45,10000,401,45,10000,391,45,10000,383,45,10000,377,45,10000,367,45,10000,359,45,10000,347,45,10000,335,45,NCNTY51015N51015,"Augusta County-Staunton city-Waynesboro city, VA HUD Nonmetro FMR Area",51,99999,Staunton city,790,23853,23746,3
5180099999,5180099999,METRO47260M47260,1107,50,METRO47260M47260,1130,50,METRO47260M47260,1136,50,METRO47260M47260,1064,50,METRO47260M47260,965,40,METRO47260M47260,934,40,METRO47260M47260,904,40,METRO47260M47260,904,50,METRO47260M47260,844,50,METRO47260M47260,811,50,5720,788,50,5720,748,50,5720,743,50,5720,652,50,5720,632,50,5720,580,40,5720,576,40,5720,566,40,5720,556,40,5720,542,40,5720,526,40,5720,545,45,5720,550,45,5720,531,45,5720,514,45,5720,485,45,5720,475,45,5720,437,45,5720,425,45,5720,415,45,5720,415,45,5720,402,45,METRO47260M47260,"Virginia Beach-Norfolk-Newport News, VA-NC MSA",51,99999,Suffolk city,800,63677,84585,3
5181099999,5181099999,METRO47260M47260,1107,50,METRO47260M47260,1130,50,METRO47260M47260,1136,50,METRO47260M47260,1064,50,METRO47260M47260,965,40,METRO47260M47260,934,40,METRO47260M47260,904,40,METRO47260M47260,904,50,METRO47260M47260,844,50,METRO47260M47260,811,50,5720,788,50,5720,748,50,5720,743,50,5720,652,50,5720,632,50,5720,580,40,5720,576,40,5720,566,40,5720,556,40,5720,542,40,5720,526,40,5720,545,45,5720,550,45,5720,531,45,5720,514,45,5720,485,45,5720,475,45,5720,437,45,5720,425,45,5720,415,45,5720,415,45,5720,402,45,METRO47260M47260,"Virginia Beach-Norfolk-Newport News, VA-NC MSA",51,99999,Virginia Beach city,810,425257,437994,3
5182099999,5182099999,NCNTY51015N51015,801,40,NCNTY51015N51015,719,40,NCNTY51015N51015,669,40,NCNTY51015N51015,629,40,NCNTY51015N51015,689,40,NCNTY51015N51015,668,40,NCNTY51015N51015,653,40,NCNTY51015N51015,627,40,NCNTY51015N51015,588,40,NCNTY51015N51015,565,40,,,,,,,,,,,,,,,,,,,,,,,,,,,,,,,,,,,,,10000,429,45,10000,415,45,10000,401,45,10000,391,45,10000,383,45,10000,377,45,10000,367,45,10000,359,45,10000,311,45,10000,300,45,NCNTY51015N51015,"Augusta County-Staunton city-Waynesboro city, VA HUD Nonmetro FMR Area",51,99999,Waynesboro city,820,19520,21006,3
5183099999,5183099999,METRO47260M47260,1107,50,METRO47260M47260,1130,50,METRO47260M47260,1136,50,METRO47260M47260,1064,50,METRO47260M47260,965,40,METRO47260M47260,934,40,METRO47260M47260,904,40,METRO47260M47260,904,50,METRO47260M47260,844,50,METRO47260M47260,811,50,5720,788,50,5720,748,50,5720,743,50,5720,652,50,5720,632,50,5720,580,40,5720,576,40,5720,566,40,5720,556,40,5720,542,40,5720,526,40,5720,545,45,5720,550,45,5720,531,45,5720,514,45,5720,485,45,5720,475,45,5720,437,45,5720,425,45,5720,415,45,5720,415,45,5720,402,45,METRO47260M47260,"Virginia Beach-Norfolk-Newport News, VA-NC MSA",51,99999,Williamsburg city,830,11998,14068,3
5184099999,5184099999,METRO49020M49020,819,40,METRO49020M49020,804,40,METRO49020M49020,839,40,METRO49020M49020,895,40,METRO49020M49020,778,40,METRO49020M49020,764,40,METRO49020M49020,749,40,METRO49020M49020,718,40,METRO49020M49020,673,40,METRO49020M49020,647,40,,,,,,,,,,,,,,,,,,,,,,,,,,,,,,,,,,,,,10000,522,45,10000,505,45,10000,488,45,10000,392,45,10000,384,45,10000,378,45,10000,368,45,10000,360,45,10000,311,45,10000,300,45,METRO49020M49020,"Winchester, VA-WV MSA",51,99999,Winchester city,840,23585,26203,3